Time (seconds),V_ch1,V_ch2,V_ch3,I_ch1,I_ch2,I_ch3
0.000000,2.67411208152771,0,0,0,0,0
0.000208,5.25155401229858,0,0,0,0,0
0.000417,9.11771774291992,0,0,0,0,0
0.000625,13.6282415390015,0,0,0,0,0
0.000833,18.138765335083,0,0,0,0,0
0.001042,22.0049285888672,0,0,0,0,0
0.001250,27.8041725158691,0,0,0,0,0
0.001458,30.3816146850586,0,0,0,0,0
0.001667,34.8921394348145,0,0,0,0,0
0.001875,38.75830078125,0,0,0,0,0
0.002083,42.6244659423828,0,0,0,0,0
0.002292,46.4906272888184,0,0,0,0,0
0.002500,52.9342346191406,0,0,0,0,0
0.002708,55.5116767883301,0,0,0,0,0
0.002917,58.7334785461426,0,0,0,0,0
0.003125,60.666561126709,0,0,0,0,0
0.003333,68.3988876342773,0,0,0,0,0
0.003542,71.6206893920898,0,0,0,0,0
0.003750,76.7755737304688,0,0,0,0,0
0.003958,79.3530197143555,0,0,0,0,0
0.004167,85.1522598266602,0,0,0,0,0
0.004375,89.018424987793,0,0,0,0,0
0.004583,90.3071441650391,0,0,0,0,0
0.004792,96.7507476806641,0,0,0,0,0
0.005000,101.261276245117,0,0,0,0,0
0.005208,103.194358825684,0,0,0,0,0
0.005417,107.704879760742,0,0,0,0,0
0.005625,111.571044921875,0,0,0,0,0
0.005833,114.792846679688,0,0,0,0,0
0.006042,119.303367614746,0,0,0,0,0
0.006250,120.592094421387,0,0,0,0,0
0.006458,128.968780517578,0,0,0,0,0
0.006667,132.190582275391,0,0,0,0,0
0.006875,133.479309082031,0,0,0,0,0
0.007083,139.278549194336,0,0,0,0,0
0.007292,147.010879516602,0,0,0,0,0
0.007500,145.722152709961,0,0,0,0,0
0.007708,151.521392822266,0,0,0,0,0
0.007917,154.098846435547,0,0,0,0,0
0.008125,158.609359741211,0,0,0,0,0
0.008333,161.186798095703,0,0,0,0,0
0.008542,166.341690063477,0,0,0,0,0
0.008750,166.341690063477,0,0,0,0,0
0.008958,171.496566772461,0,0,0,0,0
0.009167,176.651458740234,0,0,0,0,0
0.009375,179.873260498047,0,0,0,0,0
0.009583,188.249954223633,0,0,0,0,0
0.009792,187.605590820313,0,0,0,0,0
0.010000,192.760467529297,0,0,0,0,0
0.010208,195.337921142578,0,0,0,0,0
0.010417,199.204071044922,0,0,0,0,0
0.010625,203.714599609375,0,0,0,0,0
0.010833,205.003326416016,0,0,0,0,0
0.011042,211.446929931641,0,0,0,0,0
0.011250,213.380004882813,0,0,0,0,0
0.011458,217.890533447266,0,0,0,0,0
0.011667,221.112335205078,0,0,0,0,0
0.011875,229.489028930664,0,0,0,0,0
0.012083,228.200302124023,0,0,0,0,0
0.012292,233.355178833008,0,0,0,0,0
0.012500,235.288269042969,0,0,0,0,0
0.012708,241.731872558594,0,0,0,0,0
0.012917,242.376235961914,0,0,0,0,0
0.013125,248.175476074219,0,0,0,0,0
0.013333,252.686004638672,0,0,0,0,0
0.013542,256.552154541016,0,0,0,0,0
0.013750,259.129608154297,0,0,0,0,0
0.013958,262.995758056641,0,0,0,0,0
0.014167,265.573211669922,0,0,0,0,0
0.014375,273.305541992188,0,0,0,0,0
0.014583,274.594268798828,0,0,0,0,0
0.014792,276.52734375,0,0,0,0,0
0.015000,280.393493652344,0,0,0,0,0
0.015208,282.970947265625,0,0,0,0,0
0.015417,285.548400878906,0,0,0,0,0
0.015625,288.125823974609,0,0,0,0,0
0.015833,289.41455078125,0,0,0,0,0
0.016042,293.280731201172,0,0,0,0,0
0.016250,296.502532958984,0,0,0,0,0
0.016458,294.569427490234,0,0,0,0,0
0.016667,299.079956054688,0,0,0,0,0
0.016875,298.435607910156,0,0,0,0,0
0.017083,302.946136474609,0,0,0,0,0
0.017292,304.234832763672,0,0,0,0,0
0.017500,306.167938232422,0,0,0,0,0
0.017708,306.812286376953,0,0,0,0,0
0.017917,310.034088134766,0,0,0,0,0
0.018125,310.034088134766,0,0,0,0,0
0.018333,314.544616699219,0,0,0,0,0
0.018542,317.1220703125,0,0,0,0,0
0.018750,314.544616699219,0,0,0,0,0
0.018958,317.1220703125,0,0,0,0,0
0.019167,320.988220214844,0,0,0,0,0
0.019375,320.343872070313,0,0,0,0,0
0.019583,322.276947021484,0,0,0,0,0
0.019792,322.921295166016,0,0,0,0,0
0.020000,323.565673828125,0,0,0,0,0
0.020208,324.854370117188,0,0,0,0,0
0.020417,325.498748779297,0,0,0,0,0
0.020625,327.431823730469,0,0,0,0,0
0.020833,328.720550537109,0,0,0,0,0
0.021042,328.720550537109,0,0,0,0,0
0.021250,326.143096923828,0,0,0,0,0
0.021458,333.231079101563,0,0,0,0,0
0.021667,330.00927734375,0,0,0,0,0
0.021875,330.00927734375,0,0,0,0,0
0.022083,335.164154052734,0,0,0,0,0
0.022292,333.231079101563,0,0,0,0,0
0.022500,337.741607666016,0,0,0,0,0
0.022708,333.875427246094,0,0,0,0,0
0.022917,337.741607666016,0,0,0,0,0
0.023125,334.519805908203,0,0,0,0,0
0.023333,335.164154052734,0,0,0,0,0
0.023542,335.808502197266,0,0,0,0,0
0.023750,339.030303955078,0,0,0,0,0
0.023958,338.385955810547,0,0,0,0,0
0.024167,336.452880859375,0,0,0,0,0
0.024375,337.741607666016,0,0,0,0,0
0.024583,337.741607666016,0,0,0,0,0
0.024792,339.030303955078,0,0,0,0,0
0.025000,340.963409423828,0,0,0,0,0
0.025208,341.607757568359,0,0,0,0,0
0.025417,339.030303955078,0,0,0,0,0
0.025625,341.607757568359,0,0,0,0,0
0.025833,340.319030761719,0,0,0,0,0
0.026042,340.319030761719,0,0,0,0,0
0.026250,343.540832519531,0,0,0,0,0
0.026458,340.319030761719,0,0,0,0,0
0.026667,342.252105712891,0,0,0,0,0
0.026875,342.252105712891,0,0,0,0,0
0.027083,341.607757568359,0,0,0,0,0
0.027292,344.185211181641,0,0,0,0,0
0.027500,344.829559326172,0,0,0,0,0
0.027708,344.185211181641,0,0,0,0,0
0.027917,345.473907470703,0,0,0,0,0
0.028125,344.185211181641,0,0,0,0,0
0.028333,344.185211181641,0,0,0,0,0
0.028542,346.118286132813,0,0,0,0,0
0.028750,346.118286132813,0,0,0,0,0
0.028958,344.829559326172,0,0,0,0,0
0.029167,345.473907470703,0,0,0,0,0
0.029375,344.829559326172,0,0,0,0,0
0.029583,346.118286132813,0,0,0,0,0
0.029792,344.185211181641,0,0,0,0,0
0.030000,344.829559326172,0,0,0,0,0
0.030208,345.473907470703,0,0,0,0,0
0.030417,345.473907470703,0,0,0,0,0
0.030625,344.185211181641,0,0,0,0,0
0.030833,346.118286132813,0,0,0,0,0
0.031042,348.051361083984,0,0,0,0,0
0.031250,344.829559326172,0,0,0,0,0
0.031458,344.185211181641,0,0,0,0,0
0.031667,340.319030761719,0,0,0,0,0
0.031875,340.319030761719,0,0,0,0,0
0.032083,336.452880859375,0,0,0,0,0
0.032292,335.808502197266,0,0,0,0,0
0.032500,335.164154052734,0,0,0,0,0
0.032708,333.231079101563,0,0,0,0,0
0.032917,328.720550537109,0,0,0,0,0
0.033125,327.431823730469,0,0,0,0,0
0.033333,324.854370117188,0,0,0,0,0
0.033542,322.921295166016,0,0,0,0,0
0.033750,317.766418457031,0,0,0,0,0
0.033958,314.544616699219,0,0,0,0,0
0.034167,312.611541748047,0,0,0,0,0
0.034375,311.322814941406,0,0,0,0,0
0.034583,312.611541748047,0,0,0,0,0
0.034792,305.523559570313,0,0,0,0,0
0.035000,304.234832763672,0,0,0,0,0
0.035208,301.657409667969,0,0,0,0,0
0.035417,297.791229248047,0,0,0,0,0
0.035625,291.992004394531,0,0,0,0,0
0.035833,291.347625732422,0,0,0,0,0
0.036042,288.770202636719,0,0,0,0,0
0.036250,283.615295410156,0,0,0,0,0
0.036458,282.970947265625,0,0,0,0,0
0.036667,279.749145507813,0,0,0,0,0
0.036875,280.393493652344,0,0,0,0,0
0.037083,274.594268798828,0,0,0,0,0
0.037292,271.372467041016,0,0,0,0,0
0.037500,265.573211669922,0,0,0,0,0
0.037708,262.351409912109,0,0,0,0,0
0.037917,259.773956298828,0,0,0,0,0
0.038125,257.196533203125,0,0,0,0,0
0.038333,255.263442993164,0,0,0,0,0
0.038542,248.819839477539,0,0,0,0,0
0.038750,249.464202880859,0,0,0,0,0
0.038958,243.664947509766,0,0,0,0,0
0.039167,243.664947509766,0,0,0,0,0
0.039375,236.576995849609,0,0,0,0,0
0.039583,233.999542236328,0,0,0,0,0
0.039792,230.777740478516,0,0,0,0,0
0.040000,227.555938720703,0,0,0,0,0
0.040208,226.911575317383,0,0,0,0,0
0.040417,221.112335205078,0,0,0,0,0
0.040625,219.823608398438,0,0,0,0,0
0.040833,214.024368286133,0,0,0,0,0
0.041042,209.51383972168,0,0,0,0,0
0.041250,207.580764770508,0,0,0,0,0
0.041458,203.714599609375,0,0,0,0,0
0.041667,199.848434448242,0,0,0,0,0
0.041875,196.62663269043,0,0,0,0,0
0.042083,192.116104125977,0,0,0,0,0
0.042292,190.183029174805,0,0,0,0,0
0.042500,185.672500610352,0,0,0,0,0
0.042708,183.095062255859,0,0,0,0,0
0.042917,180.517623901367,0,0,0,0,0
0.043125,174.074020385742,0,0,0,0,0
0.043333,170.85221862793,0,0,0,0,0
0.043542,166.986053466797,0,0,0,0,0
0.043750,165.052963256836,0,0,0,0,0
0.043958,159.898086547852,0,0,0,0,0
0.044167,155.387557983398,0,0,0,0,0
0.044375,152.810119628906,0,0,0,0,0
0.044583,147.010879516602,0,0,0,0,0
0.044792,144.43342590332,0,0,0,0,0
0.045000,142.500350952148,0,0,0,0,0
0.045208,139.278549194336,0,0,0,0,0
0.045417,131.54621887207,0,0,0,0,0
0.045625,128.324417114258,0,0,0,0,0
0.045833,124.458251953125,0,0,0,0,0
0.046042,119.303367614746,0,0,0,0,0
0.046250,117.37028503418,0,0,0,0,0
0.046458,113.504127502441,0,0,0,0,0
0.046667,108.349243164063,0,0,0,0,0
0.046875,101.261276245117,0,0,0,0,0
0.047083,99.3281936645508,0,0,0,0,0
0.047292,98.0394744873047,0,0,0,0,0
0.047500,89.018424987793,0,0,0,0,0
0.047708,86.4409790039063,0,0,0,0,0
0.047917,81.9304580688477,0,0,0,0,0
0.048125,77.4199371337891,0,0,0,0,0
0.048333,72.2650527954102,0,0,0,0,0
0.048542,68.3988876342773,0,0,0,0,0
0.048750,62.5996437072754,0,0,0,0,0
0.048958,60.666561126709,0,0,0,0,0
0.049167,55.5116767883301,0,0,0,0,0
0.049375,50.3567924499512,0,0,0,0,0
0.049583,49.7124328613281,0,0,0,0,0
0.049792,41.3357429504395,0,0,0,0,0
0.050000,39.4026641845703,0,0,0,0,0
0.050208,34.2477798461914,0,0,0,0,0
0.050417,30.3816146850586,0,0,0,0,0
0.050625,25.8710918426514,0,0,0,0,0
0.050833,21.3605670928955,0,0,0,0,0
0.051042,18.138765335083,0,0,0,0,0
0.051250,12.9838809967041,0,0,0,0,0
0.051458,9.11771774291992,0,0,0,0,0
0.051667,5.25155401229858,0,0,0,0,0
0.051875,5.25155401229858,0,0,0,0,0
0.052083,-2.4807722568512,0,0,0,0,0
0.052292,-3.76949334144592,0,0,0,0,0
0.052500,-8.28001689910889,0,0,0,0,0
0.052708,-12.7905406951904,0,0,0,0,0
0.052917,-17.9454250335693,0,0,0,0,0
0.053125,-21.1672286987305,0,0,0,0,0
0.053333,-24.389030456543,0,0,0,0,0
0.053542,-30.1882762908936,0,0,0,0,0
0.053750,-34.6987991333008,0,0,0,0,0
0.053958,-37.9206008911133,0,0,0,0,0
0.054167,-43.7198486328125,0,0,0,0,0
0.054375,-45.6529273986816,0,0,0,0,0
0.054583,-52.0965347290039,0,0,0,0,0
0.054792,-53.38525390625,0,0,0,0,0
0.055000,-62.4063034057617,0,0,0,0,0
0.055208,-63.6950225830078,0,0,0,0,0
0.055417,-66.9168243408203,0,0,0,0,0
0.055625,-70.7829895019531,0,0,0,0,0
0.055833,-76.5822372436523,0,0,0,0,0
0.056042,-78.5153198242188,0,0,0,0,0
0.056250,-85.6032791137695,0,0,0,0,0
0.056458,-87.5363616943359,0,0,0,0,0
0.056667,-87.5363616943359,0,0,0,0,0
0.056875,-95.2686920166016,0,0,0,0,0
0.057083,-99.1348571777344,0,0,0,0,0
0.057292,-103.001014709473,0,0,0,0,0
0.057500,-106.222816467285,0,0,0,0,0
0.057708,-110.733345031738,0,0,0,0,0
0.057917,-113.955146789551,0,0,0,0,0
0.058125,-121.043113708496,0,0,0,0,0
0.058333,-121.043113708496,0,0,0,0,0
0.058542,-126.842353820801,0,0,0,0,0
0.058750,-130.708526611328,0,0,0,0,0
0.058958,-135.219039916992,0,0,0,0,0
0.059167,-135.219039916992,0,0,0,0,0
0.059375,-142.951370239258,0,0,0,0,0
0.059583,-144.240097045898,0,0,0,0,0
0.059792,-148.750610351563,0,0,0,0,0
0.060000,-151.972412109375,0,0,0,0,0
0.060208,-155.838577270508,0,0,0,0,0
0.060417,-162.926544189453,0,0,0,0,0
0.060625,-160.993469238281,0,0,0,0,0
0.060833,-168.081436157227,0,0,0,0,0
0.061042,-171.303237915039,0,0,0,0,0
0.061250,-175.813751220703,0,0,0,0,0
0.061458,-175.813751220703,0,0,0,0,0
0.061667,-184.190444946289,0,0,0,0,0
0.061875,-185.47917175293,0,0,0,0,0
0.062083,-190.634048461914,0,0,0,0,0
0.062292,-193.211486816406,0,0,0,0,0
0.062500,-197.077651977539,0,0,0,0,0
0.062708,-201.588180541992,0,0,0,0,0
0.062917,-203.521255493164,0,0,0,0,0
0.063125,-208.676147460938,0,0,0,0,0
0.063333,-212.54231262207,0,0,0,0,0
0.063542,-219.630279541016,0,0,0,0,0
0.063750,-218.341552734375,0,0,0,0,0
0.063958,-222.207717895508,0,0,0,0,0
0.064167,-226.718246459961,0,0,0,0,0
0.064375,-229.940048217773,0,0,0,0,0
0.064583,-234.450561523438,0,0,0,0,0
0.064792,-238.961090087891,0,0,0,0,0
0.065000,-240.894180297852,0,0,0,0,0
0.065208,-245.404693603516,0,0,0,0,0
0.065417,-249.915222167969,0,0,0,0,0
0.065625,-253.781387329102,0,0,0,0,0
0.065833,-258.291900634766,0,0,0,0,0
0.066042,-262.802429199219,0,0,0,0,0
0.066250,-264.735504150391,0,0,0,0,0
0.066458,-269.890411376953,0,0,0,0,0
0.066667,-271.823486328125,0,0,0,0,0
0.066875,-275.045288085938,0,0,0,0,0
0.067083,-278.26708984375,0,0,0,0,0
0.067292,-279.555816650391,0,0,0,0,0
0.067500,-282.777618408203,0,0,0,0,0
0.067708,-285.999420166016,0,0,0,0,0
0.067917,-296.953552246094,0,0,0,0,0
0.068125,-289.865570068359,0,0,0,0,0
0.068333,-293.731750488281,0,0,0,0,0
0.068542,-295.020446777344,0,0,0,0,0
0.068750,-297.597900390625,0,0,0,0,0
0.068958,-298.886627197266,0,0,0,0,0
0.069167,-302.108428955078,0,0,0,0,0
0.069375,-302.752777099609,0,0,0,0,0
0.069583,-305.330230712891,0,0,0,0,0
0.069792,-308.552032470703,0,0,0,0,0
0.070000,-308.552032470703,0,0,0,0,0
0.070208,-309.196380615234,0,0,0,0,0
0.070417,-310.485107421875,0,0,0,0,0
0.070625,-313.062561035156,0,0,0,0,0
0.070833,-313.706909179688,0,0,0,0,0
0.071042,-315.639984130859,0,0,0,0,0
0.071250,-316.9287109375,0,0,0,0,0
0.071458,-318.861785888672,0,0,0,0,0
0.071667,-322.083587646484,0,0,0,0,0
0.071875,-322.083587646484,0,0,0,0,0
0.072083,-324.016693115234,0,0,0,0,0
0.072292,-323.372314453125,0,0,0,0,0
0.072500,-324.661041259766,0,0,0,0,0
0.072708,-322.083587646484,0,0,0,0,0
0.072917,-325.305389404297,0,0,0,0,0
0.073125,-326.594116210938,0,0,0,0,0
0.073333,-327.238494873047,0,0,0,0,0
0.073542,-328.527221679688,0,0,0,0,0
0.073750,-330.460296630859,0,0,0,0,0
0.073958,-333.037719726563,0,0,0,0,0
0.074167,-332.393371582031,0,0,0,0,0
0.074375,-333.682098388672,0,0,0,0,0
0.074583,-332.393371582031,0,0,0,0,0
0.074792,-335.615173339844,0,0,0,0,0
0.075000,-333.037719726563,0,0,0,0,0
0.075208,-334.326446533203,0,0,0,0,0
0.075417,-334.326446533203,0,0,0,0,0
0.075625,-337.548248291016,0,0,0,0,0
0.075833,-335.615173339844,0,0,0,0,0
0.076042,-334.970825195313,0,0,0,0,0
0.076250,-336.903900146484,0,0,0,0,0
0.076458,-343.991851806641,0,0,0,0,0
0.076667,-336.903900146484,0,0,0,0,0
0.076875,-336.259521484375,0,0,0,0,0
0.077083,-337.548248291016,0,0,0,0,0
0.077292,-337.548248291016,0,0,0,0,0
0.077500,-340.770050048828,0,0,0,0,0
0.077708,-339.481323242188,0,0,0,0,0
0.077917,-342.058776855469,0,0,0,0,0
0.078125,-340.770050048828,0,0,0,0,0
0.078333,-339.481323242188,0,0,0,0,0
0.078542,-342.703125,0,0,0,0,0
0.078750,-343.991851806641,0,0,0,0,0
0.078958,-340.770050048828,0,0,0,0,0
0.079167,-340.125701904297,0,0,0,0,0
0.079375,-342.058776855469,0,0,0,0,0
0.079583,-342.058776855469,0,0,0,0,0
0.079792,-342.703125,0,0,0,0,0
0.080000,-342.058776855469,0,0,0,0,0
0.080208,-342.058776855469,0,0,0,0,0
0.080417,-342.058776855469,0,0,0,0,0
0.080625,-343.347503662109,0,0,0,0,0
0.080833,-343.347503662109,0,0,0,0,0
0.081042,-343.991851806641,0,0,0,0,0
0.081250,-342.703125,0,0,0,0,0
0.081458,-344.63623046875,0,0,0,0,0
0.081667,-344.63623046875,0,0,0,0,0
0.081875,-345.924926757813,0,0,0,0,0
0.082083,-345.280578613281,0,0,0,0,0
0.082292,-344.63623046875,0,0,0,0,0
0.082500,-345.280578613281,0,0,0,0,0
0.082708,-345.924926757813,0,0,0,0,0
0.082917,-347.213653564453,0,0,0,0,0
0.083125,-343.991851806641,0,0,0,0,0
0.083333,-344.63623046875,0,0,0,0,0
0.083542,-343.347503662109,0,0,0,0,0
0.083750,-339.481323242188,0,0,0,0,0
0.083958,-338.836975097656,0,0,0,0,0
0.084167,-336.259521484375,0,0,0,0,0
0.084375,-333.682098388672,0,0,0,0,0
0.084583,-332.393371582031,0,0,0,0,0
0.084792,-329.81591796875,0,0,0,0,0
0.085000,-327.238494873047,0,0,0,0,0
0.085208,-325.305389404297,0,0,0,0,0
0.085417,-323.372314453125,0,0,0,0,0
0.085625,-318.861785888672,0,0,0,0,0
0.085833,-316.9287109375,0,0,0,0,0
0.086042,-316.284362792969,0,0,0,0,0
0.086250,-314.995635986328,0,0,0,0,0
0.086458,-313.062561035156,0,0,0,0,0
0.086667,-306.618957519531,0,0,0,0,0
0.086875,-308.552032470703,0,0,0,0,0
0.087083,-301.464050292969,0,0,0,0,0
0.087292,-295.664825439453,0,0,0,0,0
0.087500,-297.597900390625,0,0,0,0,0
0.087708,-293.087371826172,0,0,0,0,0
0.087917,-290.509948730469,0,0,0,0,0
0.088125,-288.576843261719,0,0,0,0,0
0.088333,-284.710693359375,0,0,0,0,0
0.088542,-282.133239746094,0,0,0,0,0
0.088750,-279.555816650391,0,0,0,0,0
0.088958,-276.334014892578,0,0,0,0,0
0.089167,-276.978363037109,0,0,0,0,0
0.089375,-270.534759521484,0,0,0,0,0
0.089583,-266.668609619141,0,0,0,0,0
0.089792,-264.735504150391,0,0,0,0,0
0.090000,-260.224975585938,0,0,0,0,0
0.090208,-257.647552490234,0,0,0,0,0
0.090417,-254.425750732422,0,0,0,0,0
0.090625,-251.203948974609,0,0,0,0,0
0.090833,-246.693420410156,0,0,0,0,0
0.091042,-245.404693603516,0,0,0,0,0
0.091250,-241.538528442383,0,0,0,0,0
0.091458,-238.31672668457,0,0,0,0,0
0.091667,-234.450561523438,0,0,0,0,0
0.091875,-229.940048217773,0,0,0,0,0
0.092083,-226.718246459961,0,0,0,0,0
0.092292,-224.14079284668,0,0,0,0,0
0.092500,-220.918991088867,0,0,0,0,0
0.092708,-218.341552734375,0,0,0,0,0
0.092917,-213.831024169922,0,0,0,0,0
0.093125,-210.609222412109,0,0,0,0,0
0.093333,-205.454345703125,0,0,0,0,0
0.093542,-203.521255493164,0,0,0,0,0
0.093750,-199.65510559082,0,0,0,0,0
0.093958,-197.077651977539,0,0,0,0,0
0.094167,-195.144577026367,0,0,0,0,0
0.094375,-189.345336914063,0,0,0,0,0
0.094583,-186.767883300781,0,0,0,0,0
0.094792,-182.257369995117,0,0,0,0,0
0.095000,-178.391204833984,0,0,0,0,0
0.095208,-174.525039672852,0,0,0,0,0
0.095417,-171.303237915039,0,0,0,0,0
0.095625,-166.148345947266,0,0,0,0,0
0.095833,-164.215270996094,0,0,0,0,0
0.096042,-157.771667480469,0,0,0,0,0
0.096250,-157.771667480469,0,0,0,0,0
0.096458,-153.905502319336,0,0,0,0,0
0.096667,-147.461898803711,0,0,0,0,0
0.096875,-143.595733642578,0,0,0,0,0
0.097083,-141.018295288086,0,0,0,0,0
0.097292,-136.507766723633,0,0,0,0,0
0.097500,-131.99723815918,0,0,0,0,0
0.097708,-128.775436401367,0,0,0,0,0
0.097917,-123.620552062988,0,0,0,0,0
0.098125,-119.75439453125,0,0,0,0,0
0.098333,-115.888229370117,0,0,0,0,0
0.098542,-110.088981628418,0,0,0,0,0
0.098750,-108.155899047852,0,0,0,0,0
0.098958,-106.222816467285,0,0,0,0,0
0.099167,-96.5574111938477,0,0,0,0,0
0.099375,-94.6243286132813,0,0,0,0,0
0.099583,-87.5363616943359,0,0,0,0,0
0.099792,-84.3145599365234,0,0,0,0,0
0.100000,-81.0927581787109,0,0,0,0,0
0.100208,-75.937873840332,0,0,0,0,0
0.100417,-75.2935104370117,0,0,0,0,0
0.100625,-66.9168243408203,0,0,0,0,0
0.100833,-64.3393859863281,0,0,0,0,0
0.101042,-59.1845016479492,0,0,0,0,0
0.101250,-59.8288612365723,0,0,0,0,0
0.101458,-47.586009979248,0,0,0,0,0
0.101667,-50.1634521484375,0,0,0,0,0
0.101875,-41.142406463623,0,0,0,0,0
0.102083,-39.2093238830566,0,0,0,0,0
0.102292,-33.4100799560547,0,0,0,0,0
0.102500,-27.6108341217041,0,0,0,0,0
0.102708,-25.0333919525146,0,0,0,0,0
0.102917,-19.2341461181641,0,0,0,0,0
0.103125,-17.9454250335693,0,0,0,0,0
0.103333,-12.7905406951904,0,0,0,0,0
0.103542,-10.213098526001,0,0,0,0,0
0.103750,-5.05821466445923,0,0,0,0,0
0.103958,-0.547690749168396,0,0,0,0,0
0.104167,3.96283316612244,0,0,0,0,0
0.104375,7.18463563919067,0,0,0,0,0
0.104583,11.050799369812,0,0,0,0,0
0.104792,14.9169626235962,0,0,0,0,0
0.105000,20.0718460083008,0,0,0,0,0
0.105208,23.938009262085,0,0,0,0,0
0.105417,28.4485340118408,0,0,0,0,0
0.105625,31.0259761810303,0,0,0,0,0
0.105833,36.1808586120605,0,0,0,0,0
0.106042,38.75830078125,0,0,0,0,0
0.106250,43.2688255310059,0,0,0,0,0
0.106458,47.1349906921387,0,0,0,0,0
0.106667,52.9342346191406,0,0,0,0,0
0.106875,57.4447593688965,0,0,0,0,0
0.107083,60.0222015380859,0,0,0,0,0
0.107292,65.8214416503906,0,0,0,0,0
0.107500,69.6876068115234,0,0,0,0,0
0.107708,72.9094085693359,0,0,0,0,0
0.107917,74.1981353759766,0,0,0,0,0
0.108125,80.6417388916016,0,0,0,0,0
0.108333,85.1522598266602,0,0,0,0,0
0.108542,89.6627883911133,0,0,0,0,0
0.108750,94.1733093261719,0,0,0,0,0
0.108958,96.1063919067383,0,0,0,0,0
0.109167,100.616912841797,0,0,0,0,0
0.109375,105.12744140625,0,0,0,0,0
0.109583,108.349243164063,0,0,0,0,0
0.109792,112.215400695801,0,0,0,0,0
0.110000,116.725929260254,0,0,0,0,0
0.110208,121.236450195313,0,0,0,0,0
0.110417,124.458251953125,0,0,0,0,0
0.110625,128.324417114258,0,0,0,0,0
0.110833,132.190582275391,0,0,0,0,0
0.111042,137.989822387695,0,0,0,0,0
0.111250,139.922912597656,0,0,0,0,0
0.111458,143.144714355469,0,0,0,0,0
0.111667,145.077789306641,0,0,0,0,0
0.111875,149.588317871094,0,0,0,0,0
0.112083,153.454483032227,0,0,0,0,0
0.112292,158.609359741211,0,0,0,0,0
0.112500,162.475524902344,0,0,0,0,0
0.112708,169.563491821289,0,0,0,0,0
0.112917,170.207855224609,0,0,0,0,0
0.113125,174.718383789063,0,0,0,0,0
0.113333,179.228897094727,0,0,0,0,0
0.113542,181.806335449219,0,0,0,0,0
0.113750,185.672500610352,0,0,0,0,0
0.113958,186.961227416992,0,0,0,0,0
0.114167,193.404830932617,0,0,0,0,0
0.114375,195.337921142578,0,0,0,0,0
0.114583,201.781524658203,0,0,0,0,0
0.114792,202.425872802734,0,0,0,0,0
0.115000,206.936401367188,0,0,0,0,0
0.115208,210.80256652832,0,0,0,0,0
0.115417,215.313095092773,0,0,0,0,0
0.115625,217.246170043945,0,0,0,0,0
0.115833,223.04541015625,0,0,0,0,0
0.116042,226.911575317383,0,0,0,0,0
0.116250,226.911575317383,0,0,0,0,0
0.116458,231.422103881836,0,0,0,0,0
0.116667,237.221343994141,0,0,0,0,0
0.116875,244.309310913086,0,0,0,0,0
0.117083,243.664947509766,0,0,0,0,0
0.117292,248.175476074219,0,0,0,0,0
0.117500,251.397277832031,0,0,0,0,0
0.117708,255.263442993164,0,0,0,0,0
0.117917,257.840881347656,0,0,0,0,0
0.118125,262.351409912109,0,0,0,0,0
0.118333,266.861938476563,0,0,0,0,0
0.118542,270.728088378906,0,0,0,0,0
0.118750,273.949890136719,0,0,0,0,0
0.118958,276.52734375,0,0,0,0,0
0.119167,281.682220458984,0,0,0,0,0
0.119375,282.326599121094,0,0,0,0,0
0.119583,284.259674072266,0,0,0,0,0
0.119792,286.192749023438,0,0,0,0,0
0.120000,289.41455078125,0,0,0,0,0
0.120208,290.058898925781,0,0,0,0,0
0.120417,293.280731201172,0,0,0,0,0
0.120625,299.079956054688,0,0,0,0,0
0.120833,297.146881103516,0,0,0,0,0
0.121042,299.724334716797,0,0,0,0,0
0.121250,302.3017578125,0,0,0,0,0
0.121458,308.101013183594,0,0,0,0,0
0.121667,305.523559570313,0,0,0,0,0
0.121875,306.812286376953,0,0,0,0,0
0.122083,309.389739990234,0,0,0,0,0
0.122292,311.322814941406,0,0,0,0,0
0.122500,314.544616699219,0,0,0,0,0
0.122708,315.833343505859,0,0,0,0,0
0.122917,315.833343505859,0,0,0,0,0
0.123125,317.1220703125,0,0,0,0,0
0.123333,316.477691650391,0,0,0,0,0
0.123542,319.699493408203,0,0,0,0,0
0.123750,320.343872070313,0,0,0,0,0
0.123958,322.921295166016,0,0,0,0,0
0.124167,324.854370117188,0,0,0,0,0
0.124375,326.143096923828,0,0,0,0,0
0.124583,324.210021972656,0,0,0,0,0
0.124792,326.143096923828,0,0,0,0,0
0.125000,330.653625488281,0,0,0,0,0
0.125208,326.143096923828,0,0,0,0,0
0.125417,330.653625488281,0,0,0,0,0
0.125625,330.653625488281,0,0,0,0,0
0.125833,331.297973632813,0,0,0,0,0
0.126042,330.653625488281,0,0,0,0,0
0.126250,333.875427246094,0,0,0,0,0
0.126458,335.164154052734,0,0,0,0,0
0.126667,334.519805908203,0,0,0,0,0
0.126875,334.519805908203,0,0,0,0,0
0.127083,335.164154052734,0,0,0,0,0
0.127292,339.674682617188,0,0,0,0,0
0.127500,334.519805908203,0,0,0,0,0
0.127708,337.741607666016,0,0,0,0,0
0.127917,334.519805908203,0,0,0,0,0
0.128125,340.319030761719,0,0,0,0,0
0.128333,337.741607666016,0,0,0,0,0
0.128542,339.030303955078,0,0,0,0,0
0.128750,337.741607666016,0,0,0,0,0
0.128958,339.030303955078,0,0,0,0,0
0.129167,336.452880859375,0,0,0,0,0
0.129375,340.319030761719,0,0,0,0,0
0.129583,341.607757568359,0,0,0,0,0
0.129792,340.319030761719,0,0,0,0,0
0.130000,339.674682617188,0,0,0,0,0
0.130208,341.607757568359,0,0,0,0,0
0.130417,342.252105712891,0,0,0,0,0
0.130625,340.963409423828,0,0,0,0,0
0.130833,342.896484375,0,0,0,0,0
0.131042,343.540832519531,0,0,0,0,0
0.131250,342.896484375,0,0,0,0,0
0.131458,342.252105712891,0,0,0,0,0
0.131667,342.896484375,0,0,0,0,0
0.131875,346.118286132813,0,0,0,0,0
0.132083,344.829559326172,0,0,0,0,0
0.132292,342.252105712891,0,0,0,0,0
0.132500,344.829559326172,0,0,0,0,0
0.132708,342.252105712891,0,0,0,0,0
0.132917,344.185211181641,0,0,0,0,0
0.133125,342.896484375,0,0,0,0,0
0.133333,345.473907470703,0,0,0,0,0
0.133542,344.185211181641,0,0,0,0,0
0.133750,344.185211181641,0,0,0,0,0
0.133958,344.829559326172,0,0,0,0,0
0.134167,344.829559326172,0,0,0,0,0
0.134375,350.628814697266,0,0,0,0,0
0.134583,345.473907470703,0,0,0,0,0
0.134792,344.829559326172,0,0,0,0,0
0.135000,345.473907470703,0,0,0,0,0
0.135208,344.829559326172,0,0,0,0,0
0.135417,344.185211181641,0,0,0,0,0
0.135625,342.896484375,0,0,0,0,0
0.135833,339.674682617188,0,0,0,0,0
0.136042,340.963409423828,0,0,0,0,0
0.136250,337.741607666016,0,0,0,0,0
0.136458,333.231079101563,0,0,0,0,0
0.136667,335.164154052734,0,0,0,0,0
0.136875,332.586700439453,0,0,0,0,0
0.137083,327.431823730469,0,0,0,0,0
0.137292,325.498748779297,0,0,0,0,0
0.137500,323.565673828125,0,0,0,0,0
0.137708,322.276947021484,0,0,0,0,0
0.137917,317.1220703125,0,0,0,0,0
0.138125,314.544616699219,0,0,0,0,0
0.138333,313.255889892578,0,0,0,0,0
0.138542,310.678436279297,0,0,0,0,0
0.138750,306.812286376953,0,0,0,0,0
0.138958,304.234832763672,0,0,0,0,0
0.139167,304.879211425781,0,0,0,0,0
0.139375,299.079956054688,0,0,0,0,0
0.139583,299.079956054688,0,0,0,0,0
0.139792,294.569427490234,0,0,0,0,0
0.140000,290.058898925781,0,0,0,0,0
0.140208,288.770202636719,0,0,0,0,0
0.140417,283.615295410156,0,0,0,0,0
0.140625,283.615295410156,0,0,0,0,0
0.140833,277.816070556641,0,0,0,0,0
0.141042,275.238616943359,0,0,0,0,0
0.141250,270.083740234375,0,0,0,0,0
0.141458,272.016815185547,0,0,0,0,0
0.141667,264.284484863281,0,0,0,0,0
0.141875,262.995758056641,0,0,0,0,0
0.142083,259.773956298828,0,0,0,0,0
0.142292,255.907806396484,0,0,0,0,0
0.142500,255.263442993164,0,0,0,0,0
0.142708,250.10856628418,0,0,0,0,0
0.142917,248.819839477539,0,0,0,0,0
0.143125,244.953674316406,0,0,0,0,0
0.143333,241.087509155273,0,0,0,0,0
0.143542,235.932632446289,0,0,0,0,0
0.143750,233.355178833008,0,0,0,0,0
0.143958,231.422103881836,0,0,0,0,0
0.144167,226.911575317383,0,0,0,0,0
0.144375,224.334136962891,0,0,0,0,0
0.144583,220.467971801758,0,0,0,0,0
0.144792,219.179260253906,0,0,0,0,0
0.145000,214.024368286133,0,0,0,0,0
0.145208,211.446929931641,0,0,0,0,0
0.145417,206.292037963867,0,0,0,0,0
0.145625,203.714599609375,0,0,0,0,0
0.145833,200.492797851563,0,0,0,0,0
0.146042,194.693557739258,0,0,0,0,0
0.146250,194.049194335938,0,0,0,0,0
0.146458,188.249954223633,0,0,0,0,0
0.146667,185.02815246582,0,0,0,0,0
0.146875,180.517623901367,0,0,0,0,0
0.147083,177.940185546875,0,0,0,0,0
0.147292,174.074020385742,0,0,0,0,0
0.147500,172.785293579102,0,0,0,0,0
0.147708,167.630416870117,0,0,0,0,0
0.147917,163.764251708984,0,0,0,0,0
0.148125,160.542449951172,0,0,0,0,0
0.148333,154.743194580078,0,0,0,0,0
0.148542,157.320648193359,0,0,0,0,0
0.148750,149.588317871094,0,0,0,0,0
0.148958,145.077789306641,0,0,0,0,0
0.149167,139.922912597656,0,0,0,0,0
0.149375,136.701110839844,0,0,0,0,0
0.149583,131.54621887207,0,0,0,0,0
0.149792,125.102615356445,0,0,0,0,0
0.150000,123.813896179199,0,0,0,0,0
0.150208,121.236450195313,0,0,0,0,0
0.150417,114.792846679688,0,0,0,0,0
0.150625,110.926681518555,0,0,0,0,0
0.150833,105.771797180176,0,0,0,0,0
0.151042,103.194358825684,0,0,0,0,0
0.151250,98.6838302612305,0,0,0,0,0
0.151458,94.8176727294922,0,0,0,0,0
0.151667,88.3740615844727,0,0,0,0,0
0.151875,85.7966232299805,0,0,0,0,0
0.152083,81.2860946655273,0,0,0,0,0
0.152292,76.7755737304688,0,0,0,0,0
0.152500,74.8424911499023,0,0,0,0,0
0.152708,70.3319702148438,0,0,0,0,0
0.152917,64.5327224731445,0,0,0,0,0
0.153125,60.0222015380859,0,0,0,0,0
0.153333,56.8003959655762,0,0,0,0,0
0.153542,51.0011520385742,0,0,0,0,0
0.153750,46.4906272888184,0,0,0,0,0
0.153958,40.6913833618164,0,0,0,0,0
0.154167,38.113941192627,0,0,0,0,0
0.154375,32.314697265625,0,0,0,0,0
0.154583,31.6703357696533,0,0,0,0,0
0.154792,25.2267303466797,0,0,0,0,0
0.155000,21.3605670928955,0,0,0,0,0
0.155208,17.4944038391113,0,0,0,0,0
0.155417,12.9838809967041,0,0,0,0,0
0.155625,8.47335720062256,0,0,0,0,0
0.155833,4.60719347000122,0,0,0,0,0
0.156042,2.67411208152771,0,0,0,0,0
0.156250,-4.41385412216187,0,0,0,0,0
0.156458,-6.34693574905396,0,0,0,0,0
0.156667,-10.213098526001,0,0,0,0,0
0.156875,-11.5018196105957,0,0,0,0,0
0.157083,-21.1672286987305,0,0,0,0,0
0.157292,-20.5228672027588,0,0,0,0,0
0.157500,-28.2551937103271,0,0,0,0,0
0.157708,-30.8326358795166,0,0,0,0,0
0.157917,-35.9875221252441,0,0,0,0,0
0.158125,-38.5649642944336,0,0,0,0,0
0.158333,-44.3642082214355,0,0,0,0,0
0.158542,-47.586009979248,0,0,0,0,0
0.158750,-51.4521751403809,0,0,0,0,0
0.158958,-55.3183364868164,0,0,0,0,0
0.159167,-56.6070594787598,0,0,0,0,0
0.159375,-63.0506629943848,0,0,0,0,0
0.159583,-68.2055511474609,0,0,0,0,0
0.159792,-73.3604354858398,0,0,0,0,0
0.160000,-74.6491546630859,0,0,0,0,0
0.160208,-81.7371215820313,0,0,0,0,0
0.160417,-83.0258407592773,0,0,0,0,0
0.160625,-88.1807250976563,0,0,0,0,0
0.160833,-92.6912460327148,0,0,0,0,0
0.161042,-95.2686920166016,0,0,0,0,0
0.161250,-98.4904937744141,0,0,0,0,0
0.161458,-103.001014709473,0,0,0,0,0
0.161667,-109.444625854492,0,0,0,0,0
0.161875,-112.666427612305,0,0,0,0,0
0.162083,-115.243865966797,0,0,0,0,0
0.162292,-121.043113708496,0,0,0,0,0
0.162500,-122.331832885742,0,0,0,0,0
0.162708,-126.197998046875,0,0,0,0,0
0.162917,-130.064163208008,0,0,0,0,0
0.163125,-133.930328369141,0,0,0,0,0
0.163333,-138.440841674805,0,0,0,0,0
0.163542,-141.018295288086,0,0,0,0,0
0.163750,-145.52880859375,0,0,0,0,0
0.163958,-148.750610351563,0,0,0,0,0
0.164167,-152.616775512695,0,0,0,0,0
0.164375,-157.127304077148,0,0,0,0,0
0.164583,-162.282180786133,0,0,0,0,0
0.164792,-164.215270996094,0,0,0,0,0
0.165000,-166.792709350586,0,0,0,0,0
0.165208,-171.947601318359,0,0,0,0,0
0.165417,-175.169403076172,0,0,0,0,0
0.165625,-177.102478027344,0,0,0,0,0
0.165833,-181.613006591797,0,0,0,0,0
0.166042,-186.123519897461,0,0,0,0,0
0.166250,-191.278411865234,0,0,0,0,0
0.166458,-193.211486816406,0,0,0,0,0
0.166667,-196.433288574219,0,0,0,0,0
0.166875,-205.454345703125,0,0,0,0,0
0.167083,-204.809982299805,0,0,0,0,0
0.167292,-209.320510864258,0,0,0,0,0
0.167500,-212.54231262207,0,0,0,0,0
0.167708,-215.119750976563,0,0,0,0,0
0.167917,-220.918991088867,0,0,0,0,0
0.168125,-223.496444702148,0,0,0,0,0
0.168333,-226.718246459961,0,0,0,0,0
0.168542,-229.940048217773,0,0,0,0,0
0.168750,-233.161849975586,0,0,0,0,0
0.168958,-237.028015136719,0,0,0,0,0
0.169167,-242.827255249023,0,0,0,0,0
0.169375,-246.049057006836,0,0,0,0,0
0.169583,-247.982131958008,0,0,0,0,0
0.169792,-254.425750732422,0,0,0,0,0
0.170000,-257.003173828125,0,0,0,0,0
0.170208,-260.224975585938,0,0,0,0,0
0.170417,-264.735504150391,0,0,0,0,0
0.170625,-267.957305908203,0,0,0,0,0
0.170833,-271.179107666016,0,0,0,0,0
0.171042,-273.756561279297,0,0,0,0,0
0.171250,-280.200164794922,0,0,0,0,0
0.171458,-279.555816650391,0,0,0,0,0
0.171667,-284.710693359375,0,0,0,0,0
0.171875,-282.777618408203,0,0,0,0,0
0.172083,-287.932495117188,0,0,0,0,0
0.172292,-289.865570068359,0,0,0,0,0
0.172500,-293.087371826172,0,0,0,0,0
0.172708,-295.664825439453,0,0,0,0,0
0.172917,-296.309173583984,0,0,0,0,0
0.173125,-299.530975341797,0,0,0,0,0
0.173333,-300.819702148438,0,0,0,0,0
0.173542,-303.397155761719,0,0,0,0,0
0.173750,-305.330230712891,0,0,0,0,0
0.173958,-312.418182373047,0,0,0,0,0
0.174167,-308.552032470703,0,0,0,0,0
0.174375,-312.418182373047,0,0,0,0,0
0.174583,-311.773834228516,0,0,0,0,0
0.174792,-313.706909179688,0,0,0,0,0
0.175000,-314.351287841797,0,0,0,0,0
0.175208,-316.284362792969,0,0,0,0,0
0.175417,-316.9287109375,0,0,0,0,0
0.175625,-317.573089599609,0,0,0,0,0
0.175833,-322.083587646484,0,0,0,0,0
0.176042,-320.794891357422,0,0,0,0,0
0.176250,-322.727966308594,0,0,0,0,0
0.176458,-325.949768066406,0,0,0,0,0
0.176667,-323.372314453125,0,0,0,0,0
0.176875,-324.016693115234,0,0,0,0,0
0.177083,-327.238494873047,0,0,0,0,0
0.177292,-326.594116210938,0,0,0,0,0
0.177500,-329.171569824219,0,0,0,0,0
0.177708,-329.171569824219,0,0,0,0,0
0.177917,-332.393371582031,0,0,0,0,0
0.178125,-331.7490234375,0,0,0,0,0
0.178333,-329.171569824219,0,0,0,0,0
0.178542,-333.037719726563,0,0,0,0,0
0.178750,-331.7490234375,0,0,0,0,0
0.178958,-338.192626953125,0,0,0,0,0
0.179167,-331.7490234375,0,0,0,0,0
0.179375,-335.615173339844,0,0,0,0,0
0.179583,-334.970825195313,0,0,0,0,0
0.179792,-335.615173339844,0,0,0,0,0
0.180000,-336.259521484375,0,0,0,0,0
0.180208,-338.192626953125,0,0,0,0,0
0.180417,-337.548248291016,0,0,0,0,0
0.180625,-338.192626953125,0,0,0,0,0
0.180833,-337.548248291016,0,0,0,0,0
0.181042,-336.259521484375,0,0,0,0,0
0.181250,-338.192626953125,0,0,0,0,0
0.181458,-334.326446533203,0,0,0,0,0
0.181667,-341.414428710938,0,0,0,0,0
0.181875,-340.125701904297,0,0,0,0,0
0.182083,-348.502380371094,0,0,0,0,0
0.182292,-339.481323242188,0,0,0,0,0
0.182500,-340.125701904297,0,0,0,0,0
0.182708,-338.836975097656,0,0,0,0,0
0.182917,-340.125701904297,0,0,0,0,0
0.183125,-341.414428710938,0,0,0,0,0
0.183333,-341.414428710938,0,0,0,0,0
0.183542,-342.703125,0,0,0,0,0
0.183750,-341.414428710938,0,0,0,0,0
0.183958,-341.414428710938,0,0,0,0,0
0.184167,-341.414428710938,0,0,0,0,0
0.184375,-348.502380371094,0,0,0,0,0
0.184583,-342.058776855469,0,0,0,0,0
0.184792,-342.703125,0,0,0,0,0
0.185000,-342.058776855469,0,0,0,0,0
0.185208,-342.058776855469,0,0,0,0,0
0.185417,-342.703125,0,0,0,0,0
0.185625,-345.280578613281,0,0,0,0,0
0.185833,-343.347503662109,0,0,0,0,0
0.186042,-345.280578613281,0,0,0,0,0
0.186250,-343.991851806641,0,0,0,0,0
0.186458,-345.280578613281,0,0,0,0,0
0.186667,-345.280578613281,0,0,0,0,0
0.186875,-344.63623046875,0,0,0,0,0
0.187083,-344.63623046875,0,0,0,0,0
0.187292,-342.058776855469,0,0,0,0,0
0.187500,-342.058776855469,0,0,0,0,0
0.187708,-342.058776855469,0,0,0,0,0
0.187917,-340.125701904297,0,0,0,0,0
0.188125,-337.548248291016,0,0,0,0,0
0.188333,-338.192626953125,0,0,0,0,0
0.188542,-333.682098388672,0,0,0,0,0
0.188750,-332.393371582031,0,0,0,0,0
0.188958,-331.7490234375,0,0,0,0,0
0.189167,-327.238494873047,0,0,0,0,0
0.189375,-327.882843017578,0,0,0,0,0
0.189583,-323.372314453125,0,0,0,0,0
0.189792,-324.016693115234,0,0,0,0,0
0.190000,-318.861785888672,0,0,0,0,0
0.190208,-314.351287841797,0,0,0,0,0
0.190417,-313.062561035156,0,0,0,0,0
0.190625,-309.840759277344,0,0,0,0,0
0.190833,-307.907684326172,0,0,0,0,0
0.191042,-304.04150390625,0,0,0,0,0
0.191250,-301.464050292969,0,0,0,0,0
0.191458,-298.886627197266,0,0,0,0,0
0.191667,-297.597900390625,0,0,0,0,0
0.191875,-293.087371826172,0,0,0,0,0
0.192083,-290.509948730469,0,0,0,0,0
0.192292,-287.932495117188,0,0,0,0,0
0.192500,-285.355041503906,0,0,0,0,0
0.192708,-280.200164794922,0,0,0,0,0
0.192917,-278.911437988281,0,0,0,0,0
0.193125,-275.045288085938,0,0,0,0,0
0.193333,-271.823486328125,0,0,0,0,0
0.193542,-269.246032714844,0,0,0,0,0
0.193750,-267.312957763672,0,0,0,0,0
0.193958,-266.024230957031,0,0,0,0,0
0.194167,-260.224975585938,0,0,0,0,0
0.194375,-258.936279296875,0,0,0,0,0
0.194583,-252.492660522461,0,0,0,0,0
0.194792,-253.137023925781,0,0,0,0,0
0.195000,-246.693420410156,0,0,0,0,0
0.195208,-247.982131958008,0,0,0,0,0
0.195417,-240.249816894531,0,0,0,0,0
0.195625,-238.961090087891,0,0,0,0,0
0.195833,-233.806213378906,0,0,0,0,0
0.196042,-235.094924926758,0,0,0,0,0
0.196250,-229.940048217773,0,0,0,0,0
0.196458,-224.14079284668,0,0,0,0,0
0.196667,-220.274642944336,0,0,0,0,0
0.196875,-215.119750976563,0,0,0,0,0
0.197083,-213.831024169922,0,0,0,0,0
0.197292,-208.031784057617,0,0,0,0,0
0.197500,-207.387420654297,0,0,0,0,0
0.197708,-202.876907348633,0,0,0,0,0
0.197917,-203.521255493164,0,0,0,0,0
0.198125,-196.433288574219,0,0,0,0,0
0.198333,-190.634048461914,0,0,0,0,0
0.198542,-189.345336914063,0,0,0,0,0
0.198750,-185.47917175293,0,0,0,0,0
0.198958,-180.968643188477,0,0,0,0,0
0.199167,-175.169403076172,0,0,0,0,0
0.199375,-172.591949462891,0,0,0,0,0
0.199583,-169.370147705078,0,0,0,0,0
0.199792,-167.437072753906,0,0,0,0,0
0.200000,-162.282180786133,0,0,0,0,0
0.200208,-159.704742431641,0,0,0,0,0
0.200417,-155.194213867188,0,0,0,0,0
0.200625,-150.683700561523,0,0,0,0,0
0.200833,-148.106262207031,0,0,0,0,0
0.201042,-145.52880859375,0,0,0,0,0
0.201250,-139.085205078125,0,0,0,0,0
0.201458,-133.930328369141,0,0,0,0,0
0.201667,-132.6416015625,0,0,0,0,0
0.201875,-128.775436401367,0,0,0,0,0
0.202083,-124.909278869629,0,0,0,0,0
0.202292,-121.043113708496,0,0,0,0,0
0.202500,-114.599510192871,0,0,0,0,0
0.202708,-110.733345031738,0,0,0,0,0
0.202917,-107.511543273926,0,0,0,0,0
0.203125,-103.645378112793,0,0,0,0,0
0.203333,-101.067932128906,0,0,0,0,0
0.203542,-93.9799728393555,0,0,0,0,0
0.203750,-89.4694442749023,0,0,0,0,0
0.203958,-86.2476425170898,0,0,0,0,0
0.204167,-81.0927581787109,0,0,0,0,0
0.204375,-76.5822372436523,0,0,0,0,0
0.204583,-72.0717086791992,0,0,0,0,0
0.204792,-68.2055511474609,0,0,0,0,0
0.205000,-63.6950225830078,0,0,0,0,0
0.205208,-60.4732208251953,0,0,0,0,0
0.205417,-54.6739768981934,0,0,0,0,0
0.205625,-50.8078117370605,0,0,0,0,0
0.205833,-46.297290802002,0,0,0,0,0
0.206042,-43.0754852294922,0,0,0,0,0
0.206250,-36.6318817138672,0,0,0,0,0
0.206458,-32.1213569641113,0,0,0,0,0
0.206667,-27.6108341217041,0,0,0,0,0
0.206875,-25.0333919525146,0,0,0,0,0
0.207083,-19.8785076141357,0,0,0,0,0
0.207292,-16.0123443603516,0,0,0,0,0
0.207500,-13.4349012374878,0,0,0,0,0
0.207708,-6.99129629135132,0,0,0,0,0
0.207917,-4.41385412216187,0,0,0,0,0
0.208125,-0.547690749168396,0,0,0,0,0
0.208333,5.25155401229858,0,0,0,0,0
0.208542,7.18463563919067,0,0,0,0,0
0.208750,11.050799369812,0,0,0,0,0
0.208958,15.5613231658936,0,0,0,0,0
0.209167,17.4944038391113,0,0,0,0,0
0.209375,22.6492881774902,0,0,0,0,0
0.209583,27.8041725158691,0,0,0,0,0
0.209792,31.0259761810303,0,0,0,0,0
0.210000,37.4695816040039,0,0,0,0,0
0.210208,40.0470237731934,0,0,0,0,0
0.210417,44.5575485229492,0,0,0,0,0
0.210625,47.7793502807617,0,0,0,0,0
0.210833,52.9342346191406,0,0,0,0,0
0.211042,57.4447593688965,0,0,0,0,0
0.211250,60.0222015380859,0,0,0,0,0
0.211458,63.8883628845215,0,0,0,0,0
0.211667,69.0432510375977,0,0,0,0,0
0.211875,74.8424911499023,0,0,0,0,0
0.212083,78.0642929077148,0,0,0,0,0
0.212292,81.2860946655273,0,0,0,0,0
0.212500,85.1522598266602,0,0,0,0,0
0.212708,87.0853424072266,0,0,0,0,0
0.212917,93.5289459228516,0,0,0,0,0
0.213125,95.462028503418,0,0,0,0,0
0.213333,100.616912841797,0,0,0,0,0
0.213542,103.194358825684,0,0,0,0,0
0.213750,107.704879760742,0,0,0,0,0
0.213958,112.859764099121,0,0,0,0,0
0.214167,116.081565856934,0,0,0,0,0
0.214375,120.592094421387,0,0,0,0,0
0.214583,123.813896179199,0,0,0,0,0
0.214792,128.324417114258,0,0,0,0,0
0.215000,131.54621887207,0,0,0,0,0
0.215208,136.056747436523,0,0,0,0,0
0.215417,139.278549194336,0,0,0,0,0
0.215625,144.43342590332,0,0,0,0,0
0.215833,146.366516113281,0,0,0,0,0
0.216042,153.454483032227,0,0,0,0,0
0.216250,156.031921386719,0,0,0,0,0
0.216458,157.320648193359,0,0,0,0,0
0.216667,165.052963256836,0,0,0,0,0
0.216875,167.630416870117,0,0,0,0,0
0.217083,168.919128417969,0,0,0,0,0
0.217292,175.362731933594,0,0,0,0,0
0.217500,177.295822143555,0,0,0,0,0
0.217708,181.806335449219,0,0,0,0,0
0.217917,183.73942565918,0,0,0,0,0
0.218125,187.605590820313,0,0,0,0,0
0.218333,193.404830932617,0,0,0,0,0
0.218542,197.91535949707,0,0,0,0,0
0.218750,199.848434448242,0,0,0,0,0
0.218958,201.781524658203,0,0,0,0,0
0.219167,210.158203125,0,0,0,0,0
0.219375,210.80256652832,0,0,0,0,0
0.219583,216.601806640625,0,0,0,0,0
0.219792,218.534896850586,0,0,0,0,0
0.220000,223.04541015625,0,0,0,0,0
0.220208,226.911575317383,0,0,0,0,0
0.220417,230.133377075195,0,0,0,0,0
0.220625,233.355178833008,0,0,0,0,0
0.220833,237.865707397461,0,0,0,0,0
0.221042,241.087509155273,0,0,0,0,0
0.221250,243.664947509766,0,0,0,0,0
0.221458,252.041641235352,0,0,0,0,0
0.221667,251.397277832031,0,0,0,0,0
0.221875,257.840881347656,0,0,0,0,0
0.222083,261.707061767578,0,0,0,0,0
0.222292,264.284484863281,0,0,0,0,0
0.222500,267.506286621094,0,0,0,0,0
0.222708,272.016815185547,0,0,0,0,0
0.222917,275.238616943359,0,0,0,0,0
0.223125,275.882995605469,0,0,0,0,0
0.223333,278.460418701172,0,0,0,0,0
0.223542,281.037872314453,0,0,0,0,0
0.223750,283.615295410156,0,0,0,0,0
0.223958,288.125823974609,0,0,0,0,0
0.224167,291.347625732422,0,0,0,0,0
0.224375,293.925079345703,0,0,0,0,0
0.224583,295.213806152344,0,0,0,0,0
0.224792,296.502532958984,0,0,0,0,0
0.225000,300.368682861328,0,0,0,0,0
0.225208,302.3017578125,0,0,0,0,0
0.225417,302.3017578125,0,0,0,0,0
0.225625,306.812286376953,0,0,0,0,0
0.225833,307.456634521484,0,0,0,0,0
0.226042,311.967163085938,0,0,0,0,0
0.226250,311.322814941406,0,0,0,0,0
0.226458,309.389739990234,0,0,0,0,0
0.226667,313.900268554688,0,0,0,0,0
0.226875,315.18896484375,0,0,0,0,0
0.227083,317.1220703125,0,0,0,0,0
0.227292,319.699493408203,0,0,0,0,0
0.227500,320.988220214844,0,0,0,0,0
0.227708,320.343872070313,0,0,0,0,0
0.227917,323.565673828125,0,0,0,0,0
0.228125,323.565673828125,0,0,0,0,0
0.228333,323.565673828125,0,0,0,0,0
0.228542,325.498748779297,0,0,0,0,0
0.228750,328.076171875,0,0,0,0,0
0.228958,329.364898681641,0,0,0,0,0
0.229167,327.431823730469,0,0,0,0,0
0.229375,329.364898681641,0,0,0,0,0
0.229583,329.364898681641,0,0,0,0,0
0.229792,328.720550537109,0,0,0,0,0
0.230000,332.586700439453,0,0,0,0,0
0.230208,332.586700439453,0,0,0,0,0
0.230417,333.875427246094,0,0,0,0,0
0.230625,333.875427246094,0,0,0,0,0
0.230833,335.164154052734,0,0,0,0,0
0.231042,337.741607666016,0,0,0,0,0
0.231250,337.097229003906,0,0,0,0,0
0.231458,336.452880859375,0,0,0,0,0
0.231667,333.875427246094,0,0,0,0,0
0.231875,335.808502197266,0,0,0,0,0
0.232083,336.452880859375,0,0,0,0,0
0.232292,337.741607666016,0,0,0,0,0
0.232500,336.452880859375,0,0,0,0,0
0.232708,340.319030761719,0,0,0,0,0
0.232917,339.030303955078,0,0,0,0,0
0.233125,339.030303955078,0,0,0,0,0
0.233333,341.607757568359,0,0,0,0,0
0.233542,339.030303955078,0,0,0,0,0
0.233750,342.896484375,0,0,0,0,0
0.233958,337.741607666016,0,0,0,0,0
0.234167,340.963409423828,0,0,0,0,0
0.234375,342.252105712891,0,0,0,0,0
0.234583,343.540832519531,0,0,0,0,0
0.234792,341.607757568359,0,0,0,0,0
0.235000,342.252105712891,0,0,0,0,0
0.235208,343.540832519531,0,0,0,0,0
0.235417,342.896484375,0,0,0,0,0
0.235625,345.473907470703,0,0,0,0,0
0.235833,343.540832519531,0,0,0,0,0
0.236042,344.829559326172,0,0,0,0,0
0.236250,341.607757568359,0,0,0,0,0
0.236458,342.252105712891,0,0,0,0,0
0.236667,344.185211181641,0,0,0,0,0
0.236875,349.984436035156,0,0,0,0,0
0.237083,344.185211181641,0,0,0,0,0
0.237292,345.473907470703,0,0,0,0,0
0.237500,344.185211181641,0,0,0,0,0
0.237708,344.829559326172,0,0,0,0,0
0.237917,345.473907470703,0,0,0,0,0
0.238125,344.185211181641,0,0,0,0,0
0.238333,345.473907470703,0,0,0,0,0
0.238542,344.185211181641,0,0,0,0,0
0.238750,343.540832519531,0,0,0,0,0
0.238958,345.473907470703,0,0,0,0,0
0.239167,346.118286132813,0,0,0,0,0
0.239375,344.829559326172,0,0,0,0,0
0.239583,343.540832519531,0,0,0,0,0
0.239792,341.607757568359,0,0,0,0,0
0.240000,342.896484375,0,0,0,0,0
0.240208,339.030303955078,0,0,0,0,0
0.240417,338.385955810547,0,0,0,0,0
0.240625,335.808502197266,0,0,0,0,0
0.240833,332.586700439453,0,0,0,0,0
0.241042,329.364898681641,0,0,0,0,0
0.241250,328.076171875,0,0,0,0,0
0.241458,327.431823730469,0,0,0,0,0
0.241667,322.276947021484,0,0,0,0,0
0.241875,320.343872070313,0,0,0,0,0
0.242083,317.1220703125,0,0,0,0,0
0.242292,313.900268554688,0,0,0,0,0
0.242500,313.255889892578,0,0,0,0,0
0.242708,311.967163085938,0,0,0,0,0
0.242917,310.034088134766,0,0,0,0,0
0.243125,305.523559570313,0,0,0,0,0
0.243333,302.3017578125,0,0,0,0,0
0.243542,300.368682861328,0,0,0,0,0
0.243750,297.146881103516,0,0,0,0,0
0.243958,293.280731201172,0,0,0,0,0
0.244167,289.41455078125,0,0,0,0,0
0.244375,288.125823974609,0,0,0,0,0
0.244583,282.970947265625,0,0,0,0,0
0.244792,282.326599121094,0,0,0,0,0
0.245000,279.104797363281,0,0,0,0,0
0.245208,274.594268798828,0,0,0,0,0
0.245417,272.661193847656,0,0,0,0,0
0.245625,270.083740234375,0,0,0,0,0
0.245833,267.506286621094,0,0,0,0,0
0.246042,264.284484863281,0,0,0,0,0
0.246250,261.707061767578,0,0,0,0,0
0.246458,258.485260009766,0,0,0,0,0
0.246667,254.619079589844,0,0,0,0,0
0.246875,248.819839477539,0,0,0,0,0
0.247083,246.242401123047,0,0,0,0,0
0.247292,245.598037719727,0,0,0,0,0
0.247500,238.510070800781,0,0,0,0,0
0.247708,236.576995849609,0,0,0,0,0
0.247917,233.999542236328,0,0,0,0,0
0.248125,231.422103881836,0,0,0,0,0
0.248333,226.911575317383,0,0,0,0,0
0.248542,223.68977355957,0,0,0,0,0
0.248750,219.179260253906,0,0,0,0,0
0.248958,217.890533447266,0,0,0,0,0
0.249167,212.735641479492,0,0,0,0,0
0.249375,210.158203125,0,0,0,0,0
0.249583,209.51383972168,0,0,0,0,0
0.249792,201.137161254883,0,0,0,0,0
0.250000,199.848434448242,0,0,0,0,0
0.250208,195.337921142578,0,0,0,0,0
0.250417,191.471755981445,0,0,0,0,0
0.250625,188.249954223633,0,0,0,0,0
0.250833,183.73942565918,0,0,0,0,0
0.251042,181.806335449219,0,0,0,0,0
0.251250,176.651458740234,0,0,0,0,0
0.251458,174.074020385742,0,0,0,0,0
0.251667,170.207855224609,0,0,0,0,0
0.251875,168.919128417969,0,0,0,0,0
0.252083,163.764251708984,0,0,0,0,0
0.252292,156.676284790039,0,0,0,0,0
0.252500,156.031921386719,0,0,0,0,0
0.252708,152.810119628906,0,0,0,0,0
0.252917,147.655227661133,0,0,0,0,0
0.253125,143.789077758789,0,0,0,0,0
0.253333,140.567260742188,0,0,0,0,0
0.253542,136.056747436523,0,0,0,0,0
0.253750,130.25749206543,0,0,0,0,0
0.253958,127.680053710938,0,0,0,0,0
0.254167,122.525169372559,0,0,0,0,0
0.254375,119.947731018066,0,0,0,0,0
0.254583,114.792846679688,0,0,0,0,0
0.254792,110.282325744629,0,0,0,0,0
0.255000,105.771797180176,0,0,0,0,0
0.255208,101.261276245117,0,0,0,0,0
0.255417,99.3281936645508,0,0,0,0,0
0.255625,93.5289459228516,0,0,0,0,0
0.255833,88.3740615844727,0,0,0,0,0
0.256042,86.4409790039063,0,0,0,0,0
0.256250,79.3530197143555,0,0,0,0,0
0.256458,74.8424911499023,0,0,0,0,0
0.256667,72.2650527954102,0,0,0,0,0
0.256875,69.6876068115234,0,0,0,0,0
0.257083,61.9552803039551,0,0,0,0,0
0.257292,58.7334785461426,0,0,0,0,0
0.257500,54.867317199707,0,0,0,0,0
0.257708,51.0011520385742,0,0,0,0,0
0.257917,49.0680694580078,0,0,0,0,0
0.258125,40.0470237731934,0,0,0,0,0
0.258333,37.4695816040039,0,0,0,0,0
0.258542,32.959056854248,0,0,0,0,0
0.258750,28.4485340118408,0,0,0,0,0
0.258958,22.6492881774902,0,0,0,0,0
0.259167,21.3605670928955,0,0,0,0,0
0.259375,15.5613231658936,0,0,0,0,0
0.259583,12.9838809967041,0,0,0,0,0
0.259792,9.11771774291992,0,0,0,0,0
0.260000,3.31847262382507,0,0,0,0,0
0.260208,1.38539087772369,0,0,0,0,0
0.260417,-4.41385412216187,0,0,0,0,0
0.260625,-5.70257520675659,0,0,0,0,0
0.260833,-11.5018196105957,0,0,0,0,0
0.261042,-14.7236223220825,0,0,0,0,0
0.261250,-19.2341461181641,0,0,0,0,0
0.261458,-21.1672286987305,0,0,0,0,0
0.261667,-26.3221130371094,0,0,0,0,0
0.261875,-30.8326358795166,0,0,0,0,0
0.262083,-34.6987991333008,0,0,0,0,0
0.262292,-39.8536834716797,0,0,0,0,0
0.262500,-43.0754852294922,0,0,0,0,0
0.262708,-46.297290802002,0,0,0,0,0
0.262917,-50.1634521484375,0,0,0,0,0
0.263125,-56.6070594787598,0,0,0,0,0
0.263333,-59.1845016479492,0,0,0,0,0
0.263542,-65.6281051635742,0,0,0,0,0
0.263750,-68.2055511474609,0,0,0,0,0
0.263958,-69.494270324707,0,0,0,0,0
0.264167,-75.937873840332,0,0,0,0,0
0.264375,-80.4483947753906,0,0,0,0,0
0.264583,-83.6702041625977,0,0,0,0,0
0.264792,-87.5363616943359,0,0,0,0,0
0.265000,-91.4025268554688,0,0,0,0,0
0.265208,-94.6243286132813,0,0,0,0,0
0.265417,-100.42357635498,0,0,0,0,0
0.265625,-103.001014709473,0,0,0,0,0
0.265833,-107.511543273926,0,0,0,0,0
0.266042,-112.022064208984,0,0,0,0,0
0.266250,-115.243865966797,0,0,0,0,0
0.266458,-118.465667724609,0,0,0,0,0
0.266667,-125.553634643555,0,0,0,0,0
0.266875,-127.486717224121,0,0,0,0,0
0.267083,-133.28596496582,0,0,0,0,0
0.267292,-133.930328369141,0,0,0,0,0
0.267500,-141.018295288086,0,0,0,0,0
0.267708,-142.951370239258,0,0,0,0,0
0.267917,-145.52880859375,0,0,0,0,0
0.268125,-148.750610351563,0,0,0,0,0
0.268333,-153.261138916016,0,0,0,0,0
0.268542,-157.127304077148,0,0,0,0,0
0.268750,-160.993469238281,0,0,0,0,0
0.268958,-166.792709350586,0,0,0,0,0
0.269167,-168.081436157227,0,0,0,0,0
0.269375,-173.880676269531,0,0,0,0,0
0.269583,-177.102478027344,0,0,0,0,0
0.269792,-181.613006591797,0,0,0,0,0
0.270000,-182.901718139648,0,0,0,0,0
0.270208,-185.47917175293,0,0,0,0,0
0.270417,-190.634048461914,0,0,0,0,0
0.270625,-196.433288574219,0,0,0,0,0
0.270833,-198.36637878418,0,0,0,0,0
0.271042,-202.232543945313,0,0,0,0,0
0.271250,-203.521255493164,0,0,0,0,0
0.271458,-208.676147460938,0,0,0,0,0
0.271667,-216.408477783203,0,0,0,0,0
0.271875,-216.408477783203,0,0,0,0,0
0.272083,-222.207717895508,0,0,0,0,0
0.272292,-225.42951965332,0,0,0,0,0
0.272500,-229.295684814453,0,0,0,0,0
0.272708,-230.584411621094,0,0,0,0,0
0.272917,-237.67236328125,0,0,0,0,0
0.273125,-238.961090087891,0,0,0,0,0
0.273333,-240.894180297852,0,0,0,0,0
0.273542,-246.049057006836,0,0,0,0,0
0.273750,-249.915222167969,0,0,0,0,0
0.273958,-255.714462280273,0,0,0,0,0
0.274167,-257.647552490234,0,0,0,0,0
0.274375,-261.513702392578,0,0,0,0,0
0.274583,-262.802429199219,0,0,0,0,0
0.274792,-269.890411376953,0,0,0,0,0
0.275000,-271.179107666016,0,0,0,0,0
0.275208,-278.911437988281,0,0,0,0,0
0.275417,-278.911437988281,0,0,0,0,0
0.275625,-282.777618408203,0,0,0,0,0
0.275833,-282.777618408203,0,0,0,0,0
0.276042,-287.288146972656,0,0,0,0,0
0.276250,-291.154296875,0,0,0,0,0
0.276458,-292.443023681641,0,0,0,0,0
0.276667,-292.443023681641,0,0,0,0,0
0.276875,-292.443023681641,0,0,0,0,0
0.277083,-299.530975341797,0,0,0,0,0
0.277292,-300.175354003906,0,0,0,0,0
0.277500,-302.752777099609,0,0,0,0,0
0.277708,-303.397155761719,0,0,0,0,0
0.277917,-306.618957519531,0,0,0,0,0
0.278125,-306.618957519531,0,0,0,0,0
0.278333,-312.418182373047,0,0,0,0,0
0.278542,-310.485107421875,0,0,0,0,0
0.278750,-313.062561035156,0,0,0,0,0
0.278958,-313.706909179688,0,0,0,0,0
0.279167,-314.351287841797,0,0,0,0,0
0.279375,-316.284362792969,0,0,0,0,0
0.279583,-320.794891357422,0,0,0,0,0
0.279792,-320.794891357422,0,0,0,0,0
0.280000,-321.439239501953,0,0,0,0,0
0.280208,-322.083587646484,0,0,0,0,0
0.280417,-321.439239501953,0,0,0,0,0
0.280625,-322.727966308594,0,0,0,0,0
0.280833,-324.661041259766,0,0,0,0,0
0.281042,-325.949768066406,0,0,0,0,0
0.281250,-326.594116210938,0,0,0,0,0
0.281458,-328.527221679688,0,0,0,0,0
0.281667,-329.171569824219,0,0,0,0,0
0.281875,-329.81591796875,0,0,0,0,0
0.282083,-331.104644775391,0,0,0,0,0
0.282292,-332.393371582031,0,0,0,0,0
0.282500,-331.104644775391,0,0,0,0,0
0.282708,-331.104644775391,0,0,0,0,0
0.282917,-333.682098388672,0,0,0,0,0
0.283125,-334.970825195313,0,0,0,0,0
0.283333,-334.326446533203,0,0,0,0,0
0.283542,-334.326446533203,0,0,0,0,0
0.283750,-334.970825195313,0,0,0,0,0
0.283958,-336.259521484375,0,0,0,0,0
0.284167,-336.903900146484,0,0,0,0,0
0.284375,-334.970825195313,0,0,0,0,0
0.284583,-340.125701904297,0,0,0,0,0
0.284792,-336.259521484375,0,0,0,0,0
0.285000,-337.548248291016,0,0,0,0,0
0.285208,-338.836975097656,0,0,0,0,0
0.285417,-339.481323242188,0,0,0,0,0
0.285625,-338.192626953125,0,0,0,0,0
0.285833,-338.836975097656,0,0,0,0,0
0.286042,-339.481323242188,0,0,0,0,0
0.286250,-342.058776855469,0,0,0,0,0
0.286458,-340.125701904297,0,0,0,0,0
0.286667,-340.125701904297,0,0,0,0,0
0.286875,-342.703125,0,0,0,0,0
0.287083,-340.125701904297,0,0,0,0,0
0.287292,-340.770050048828,0,0,0,0,0
0.287500,-341.414428710938,0,0,0,0,0
0.287708,-341.414428710938,0,0,0,0,0
0.287917,-342.058776855469,0,0,0,0,0
0.288125,-342.058776855469,0,0,0,0,0
0.288333,-342.703125,0,0,0,0,0
0.288542,-343.347503662109,0,0,0,0,0
0.288750,-342.703125,0,0,0,0,0
0.288958,-344.63623046875,0,0,0,0,0
0.289167,-345.924926757813,0,0,0,0,0
0.289375,-343.991851806641,0,0,0,0,0
0.289583,-341.414428710938,0,0,0,0,0
0.289792,-343.991851806641,0,0,0,0,0
0.290000,-345.924926757813,0,0,0,0,0
0.290208,-342.703125,0,0,0,0,0
0.290417,-345.924926757813,0,0,0,0,0
0.290625,-343.991851806641,0,0,0,0,0
0.290833,-343.347503662109,0,0,0,0,0
0.291042,-342.703125,0,0,0,0,0
0.291250,-345.280578613281,0,0,0,0,0
0.291458,-341.414428710938,0,0,0,0,0
0.291667,-343.991851806641,0,0,0,0,0
0.291875,-342.703125,0,0,0,0,0
0.292083,-340.125701904297,0,0,0,0,0
0.292292,-338.192626953125,0,0,0,0,0
0.292500,-335.615173339844,0,0,0,0,0
0.292708,-335.615173339844,0,0,0,0,0
0.292917,-331.104644775391,0,0,0,0,0
0.293125,-329.81591796875,0,0,0,0,0
0.293333,-325.949768066406,0,0,0,0,0
0.293542,-324.661041259766,0,0,0,0,0
0.293750,-320.794891357422,0,0,0,0,0
0.293958,-322.727966308594,0,0,0,0,0
0.294167,-316.9287109375,0,0,0,0,0
0.294375,-314.351287841797,0,0,0,0,0
0.294583,-314.995635986328,0,0,0,0,0
0.294792,-310.485107421875,0,0,0,0,0
0.295000,-306.618957519531,0,0,0,0,0
0.295208,-303.397155761719,0,0,0,0,0
0.295417,-302.108428955078,0,0,0,0,0
0.295625,-295.664825439453,0,0,0,0,0
0.295833,-296.309173583984,0,0,0,0,0
0.296042,-291.154296875,0,0,0,0,0
0.296250,-291.798645019531,0,0,0,0,0
0.296458,-287.932495117188,0,0,0,0,0
0.296667,-283.421966552734,0,0,0,0,0
0.296875,-278.911437988281,0,0,0,0,0
0.297083,-280.200164794922,0,0,0,0,0
0.297292,-273.112213134766,0,0,0,0,0
0.297500,-271.823486328125,0,0,0,0,0
0.297708,-271.179107666016,0,0,0,0,0
0.297917,-266.668609619141,0,0,0,0,0
0.298125,-264.091156005859,0,0,0,0,0
0.298333,-260.224975585938,0,0,0,0,0
0.298542,-260.869354248047,0,0,0,0,0
0.298750,-255.714462280273,0,0,0,0,0
0.298958,-255.714462280273,0,0,0,0,0
0.299167,-246.049057006836,0,0,0,0,0
0.299375,-244.760330200195,0,0,0,0,0
0.299583,-240.894180297852,0,0,0,0,0
0.299792,-245.404693603516,0,0,0,0,0
0.300000,-233.161849975586,0,0,0,0,0
0.300208,-230.584411621094,0,0,0,0,0
0.300417,-229.295684814453,0,0,0,0,0
0.300625,-222.852081298828,0,0,0,0,0
0.300833,-221.563354492188,0,0,0,0,0
0.301042,-217.052825927734,0,0,0,0,0
0.301250,-219.630279541016,0,0,0,0,0
0.301458,-208.031784057617,0,0,0,0,0
0.301667,-206.098709106445,0,0,0,0,0
0.301875,-203.521255493164,0,0,0,0,0
0.302083,-204.165618896484,0,0,0,0,0
0.302292,-196.433288574219,0,0,0,0,0
0.302500,-191.922775268555,0,0,0,0,0
0.302708,-188.700973510742,0,0,0,0,0
0.302917,-183.546081542969,0,0,0,0,0
0.303125,-182.901718139648,0,0,0,0,0
0.303333,-178.391204833984,0,0,0,0,0
0.303542,-177.746841430664,0,0,0,0,0
0.303750,-170.014511108398,0,0,0,0,0
0.303958,-166.148345947266,0,0,0,0,0
0.304167,-163.570907592773,0,0,0,0,0
0.304375,-162.926544189453,0,0,0,0,0
0.304583,-154.549865722656,0,0,0,0,0
0.304792,-151.972412109375,0,0,0,0,0
0.305000,-146.17317199707,0,0,0,0,0
0.305208,-141.662643432617,0,0,0,0,0
0.305417,-140.373931884766,0,0,0,0,0
0.305625,-135.219039916992,0,0,0,0,0
0.305833,-131.352874755859,0,0,0,0,0
0.306042,-127.486717224121,0,0,0,0,0
0.306250,-123.620552062988,0,0,0,0,0
0.306458,-118.465667724609,0,0,0,0,0
0.306667,-117.821311950684,0,0,0,0,0
0.306875,-111.377700805664,0,0,0,0,0
0.307083,-108.155899047852,0,0,0,0,0
0.307292,-101.067932128906,0,0,0,0,0
0.307500,-97.8461303710938,0,0,0,0,0
0.307708,-93.3356094360352,0,0,0,0,0
0.307917,-90.7581634521484,0,0,0,0,0
0.308125,-84.3145599365234,0,0,0,0,0
0.308333,-79.8040390014648,0,0,0,0,0
0.308542,-75.2935104370117,0,0,0,0,0
0.308750,-70.7829895019531,0,0,0,0,0
0.308958,-66.9168243408203,0,0,0,0,0
0.309167,-61.7619438171387,0,0,0,0,0
0.309375,-58.5401382446289,0,0,0,0,0
0.309583,-54.0296173095703,0,0,0,0,0
0.309792,-50.8078117370605,0,0,0,0,0
0.310000,-45.6529273986816,0,0,0,0,0
0.310208,-39.8536834716797,0,0,0,0,0
0.310417,-35.9875221252441,0,0,0,0,0
0.310625,-32.1213569641113,0,0,0,0,0
0.310833,-26.9664726257324,0,0,0,0,0
0.311042,-21.8115882873535,0,0,0,0,0
0.311250,-17.9454250335693,0,0,0,0,0
0.311458,-14.7236223220825,0,0,0,0,0
0.311667,-13.4349012374878,0,0,0,0,0
0.311875,-6.99129629135132,0,0,0,0,0
0.312083,-8.28001689910889,0,0,0,0,0
0.312292,0.741030335426331,0,0,0,0,0
0.312500,4.60719347000122,0,0,0,0,0
0.312708,11.050799369812,0,0,0,0,0
0.312917,14.2726020812988,0,0,0,0,0
0.313125,18.138765335083,0,0,0,0,0
0.313333,21.3605670928955,0,0,0,0,0
0.313542,25.2267303466797,0,0,0,0,0
0.313750,29.0928936004639,0,0,0,0,0
0.313958,31.6703357696533,0,0,0,0,0
0.314167,36.8252220153809,0,0,0,0,0
0.314375,40.6913833618164,0,0,0,0,0
0.314583,49.0680694580078,0,0,0,0,0
0.314792,48.4237098693848,0,0,0,0,0
0.315000,54.2229537963867,0,0,0,0,0
0.315208,58.7334785461426,0,0,0,0,0
0.315417,62.5996437072754,0,0,0,0,0
0.315625,67.1101684570313,0,0,0,0,0
0.315833,70.3319702148438,0,0,0,0,0
0.316042,75.4868545532227,0,0,0,0,0
0.316250,77.4199371337891,0,0,0,0,0
0.316458,81.2860946655273,0,0,0,0,0
0.316667,86.4409790039063,0,0,0,0,0
0.316875,94.1733093261719,0,0,0,0,0
0.317083,92.2402267456055,0,0,0,0,0
0.317292,98.0394744873047,0,0,0,0,0
0.317500,99.9725570678711,0,0,0,0,0
0.317708,105.771797180176,0,0,0,0,0
0.317917,108.349243164063,0,0,0,0,0
0.318125,112.859764099121,0,0,0,0,0
0.318333,119.303367614746,0,0,0,0,0
0.318542,121.236450195313,0,0,0,0,0
0.318750,125.102615356445,0,0,0,0,0
0.318958,128.968780517578,0,0,0,0,0
0.319167,132.834945678711,0,0,0,0,0
0.319375,137.345458984375,0,0,0,0,0
0.319583,139.278549194336,0,0,0,0,0
0.319792,143.144714355469,0,0,0,0,0
0.320000,148.299591064453,0,0,0,0,0
0.320208,152.165756225586,0,0,0,0,0
0.320417,155.387557983398,0,0,0,0,0
0.320625,159.898086547852,0,0,0,0,0
0.320833,161.186798095703,0,0,0,0,0
0.321042,165.052963256836,0,0,0,0,0
0.321250,171.496566772461,0,0,0,0,0
0.321458,174.074020385742,0,0,0,0,0
0.321667,177.940185546875,0,0,0,0,0
0.321875,179.228897094727,0,0,0,0,0
0.322083,186.961227416992,0,0,0,0,0
0.322292,187.605590820313,0,0,0,0,0
0.322500,193.404830932617,0,0,0,0,0
0.322708,196.62663269043,0,0,0,0,0
0.322917,201.137161254883,0,0,0,0,0
0.323125,206.292037963867,0,0,0,0,0
0.323333,208.225128173828,0,0,0,0,0
0.323542,210.80256652832,0,0,0,0,0
0.323750,214.668731689453,0,0,0,0,0
0.323958,217.890533447266,0,0,0,0,0
0.324167,222.401062011719,0,0,0,0,0
0.324375,227.555938720703,0,0,0,0,0
0.324583,228.844665527344,0,0,0,0,0
0.324792,234.643905639648,0,0,0,0,0
0.325000,239.154434204102,0,0,0,0,0
0.325208,241.087509155273,0,0,0,0,0
0.325417,245.598037719727,0,0,0,0,0
0.325625,249.464202880859,0,0,0,0,0
0.325833,253.330368041992,0,0,0,0,0
0.326042,257.840881347656,0,0,0,0,0
0.326250,261.707061767578,0,0,0,0,0
0.326458,265.573211669922,0,0,0,0,0
0.326667,266.861938476563,0,0,0,0,0
0.326875,270.083740234375,0,0,0,0,0
0.327083,273.949890136719,0,0,0,0,0
0.327292,279.749145507813,0,0,0,0,0
0.327500,279.749145507813,0,0,0,0,0
0.327708,284.259674072266,0,0,0,0,0
0.327917,286.837097167969,0,0,0,0,0
0.328125,290.058898925781,0,0,0,0,0
0.328333,291.347625732422,0,0,0,0,0
0.328542,292.636352539063,0,0,0,0,0
0.328750,296.502532958984,0,0,0,0,0
0.328958,297.791229248047,0,0,0,0,0
0.329167,295.213806152344,0,0,0,0,0
0.329375,301.657409667969,0,0,0,0,0
0.329583,306.167938232422,0,0,0,0,0
0.329792,302.946136474609,0,0,0,0,0
0.330000,309.389739990234,0,0,0,0,0
0.330208,308.745361328125,0,0,0,0,0
0.330417,311.322814941406,0,0,0,0,0
0.330625,313.255889892578,0,0,0,0,0
0.330833,314.544616699219,0,0,0,0,0
0.331042,316.477691650391,0,0,0,0,0
0.331250,316.477691650391,0,0,0,0,0
0.331458,318.410766601563,0,0,0,0,0
0.331667,319.699493408203,0,0,0,0,0
0.331875,319.699493408203,0,0,0,0,0
0.332083,322.921295166016,0,0,0,0,0
0.332292,323.565673828125,0,0,0,0,0
0.332500,322.921295166016,0,0,0,0,0
0.332708,326.787475585938,0,0,0,0,0
0.332917,326.787475585938,0,0,0,0,0
0.333125,326.787475585938,0,0,0,0,0
0.333333,329.364898681641,0,0,0,0,0
0.333542,329.364898681641,0,0,0,0,0
0.333750,331.297973632813,0,0,0,0,0
0.333958,331.942352294922,0,0,0,0,0
0.334167,330.653625488281,0,0,0,0,0
0.334375,335.164154052734,0,0,0,0,0
0.334583,332.586700439453,0,0,0,0,0
0.334792,333.875427246094,0,0,0,0,0
0.335000,335.164154052734,0,0,0,0,0
0.335208,333.875427246094,0,0,0,0,0
0.335417,336.452880859375,0,0,0,0,0
0.335625,335.808502197266,0,0,0,0,0
0.335833,336.452880859375,0,0,0,0,0
0.336042,337.097229003906,0,0,0,0,0
0.336250,337.741607666016,0,0,0,0,0
0.336458,335.808502197266,0,0,0,0,0
0.336667,340.319030761719,0,0,0,0,0
0.336875,340.963409423828,0,0,0,0,0
0.337083,339.030303955078,0,0,0,0,0
0.337292,340.319030761719,0,0,0,0,0
0.337500,339.674682617188,0,0,0,0,0
0.337708,339.030303955078,0,0,0,0,0
0.337917,338.385955810547,0,0,0,0,0
0.338125,339.674682617188,0,0,0,0,0
0.338333,340.319030761719,0,0,0,0,0
0.338542,342.252105712891,0,0,0,0,0
0.338750,341.607757568359,0,0,0,0,0
0.338958,342.896484375,0,0,0,0,0
0.339167,344.185211181641,0,0,0,0,0
0.339375,342.896484375,0,0,0,0,0
0.339583,345.473907470703,0,0,0,0,0
0.339792,345.473907470703,0,0,0,0,0
0.340000,342.896484375,0,0,0,0,0
0.340208,343.540832519531,0,0,0,0,0
0.340417,342.896484375,0,0,0,0,0
0.340625,344.185211181641,0,0,0,0,0
0.340833,341.607757568359,0,0,0,0,0
0.341042,344.185211181641,0,0,0,0,0
0.341250,342.896484375,0,0,0,0,0
0.341458,346.762634277344,0,0,0,0,0
0.341667,344.185211181641,0,0,0,0,0
0.341875,342.896484375,0,0,0,0,0
0.342083,345.473907470703,0,0,0,0,0
0.342292,343.540832519531,0,0,0,0,0
0.342500,348.051361083984,0,0,0,0,0
0.342708,345.473907470703,0,0,0,0,0
0.342917,346.762634277344,0,0,0,0,0
0.343125,348.051361083984,0,0,0,0,0
0.343333,344.829559326172,0,0,0,0,0
0.343542,344.829559326172,0,0,0,0,0
0.343750,342.896484375,0,0,0,0,0
0.343958,344.185211181641,0,0,0,0,0
0.344167,340.319030761719,0,0,0,0,0
0.344375,340.319030761719,0,0,0,0,0
0.344583,336.452880859375,0,0,0,0,0
0.344792,333.875427246094,0,0,0,0,0
0.345000,332.586700439453,0,0,0,0,0
0.345208,331.942352294922,0,0,0,0,0
0.345417,327.431823730469,0,0,0,0,0
0.345625,327.431823730469,0,0,0,0,0
0.345833,322.276947021484,0,0,0,0,0
0.346042,318.410766601563,0,0,0,0,0
0.346250,322.276947021484,0,0,0,0,0
0.346458,315.833343505859,0,0,0,0,0
0.346667,312.611541748047,0,0,0,0,0
0.346875,309.389739990234,0,0,0,0,0
0.347083,304.234832763672,0,0,0,0,0
0.347292,304.234832763672,0,0,0,0,0
0.347500,297.791229248047,0,0,0,0,0
0.347708,298.435607910156,0,0,0,0,0
0.347917,295.213806152344,0,0,0,0,0
0.348125,293.280731201172,0,0,0,0,0
0.348333,291.347625732422,0,0,0,0,0
0.348542,287.481475830078,0,0,0,0,0
0.348750,286.837097167969,0,0,0,0,0
0.348958,281.682220458984,0,0,0,0,0
0.349167,279.749145507813,0,0,0,0,0
0.349375,273.305541992188,0,0,0,0,0
0.349583,272.016815185547,0,0,0,0,0
0.349792,266.861938476563,0,0,0,0,0
0.350000,265.573211669922,0,0,0,0,0
0.350208,262.995758056641,0,0,0,0,0
0.350417,261.062683105469,0,0,0,0,0
0.350625,256.552154541016,0,0,0,0,0
0.350833,253.330368041992,0,0,0,0,0
0.351042,250.10856628418,0,0,0,0,0
0.351250,250.10856628418,0,0,0,0,0
0.351458,243.664947509766,0,0,0,0,0
0.351667,237.865707397461,0,0,0,0,0
0.351875,239.798797607422,0,0,0,0,0
0.352083,233.355178833008,0,0,0,0,0
0.352292,230.777740478516,0,0,0,0,0
0.352500,226.267227172852,0,0,0,0,0
0.352708,224.978500366211,0,0,0,0,0
0.352917,219.823608398438,0,0,0,0,0
0.353125,216.601806640625,0,0,0,0,0
0.353333,211.446929931641,0,0,0,0,0
0.353542,209.51383972168,0,0,0,0,0
0.353750,206.292037963867,0,0,0,0,0
0.353958,199.848434448242,0,0,0,0,0
0.354167,196.62663269043,0,0,0,0,0
0.354375,194.693557739258,0,0,0,0,0
0.354583,194.049194335938,0,0,0,0,0
0.354792,186.961227416992,0,0,0,0,0
0.355000,184.3837890625,0,0,0,0,0
0.355208,181.161987304688,0,0,0,0,0
0.355417,176.651458740234,0,0,0,0,0
0.355625,170.85221862793,0,0,0,0,0
0.355833,168.919128417969,0,0,0,0,0
0.356042,165.697326660156,0,0,0,0,0
0.356250,161.186798095703,0,0,0,0,0
0.356458,157.320648193359,0,0,0,0,0
0.356667,154.098846435547,0,0,0,0,0
0.356875,150.877029418945,0,0,0,0,0
0.357083,146.366516113281,0,0,0,0,0
0.357292,142.500350952148,0,0,0,0,0
0.357500,137.989822387695,0,0,0,0,0
0.357708,134.768020629883,0,0,0,0,0
0.357917,128.968780517578,0,0,0,0,0
0.358125,127.035697937012,0,0,0,0,0
0.358333,123.813896179199,0,0,0,0,0
0.358542,118.65901184082,0,0,0,0,0
0.358750,116.081565856934,0,0,0,0,0
0.358958,110.926681518555,0,0,0,0,0
0.359167,105.771797180176,0,0,0,0,0
0.359375,101.261276245117,0,0,0,0,0
0.359583,95.462028503418,0,0,0,0,0
0.359792,92.2402267456055,0,0,0,0,0
0.360000,87.0853424072266,0,0,0,0,0
0.360208,85.1522598266602,0,0,0,0,0
0.360417,80.6417388916016,0,0,0,0,0
0.360625,77.4199371337891,0,0,0,0,0
0.360833,71.6206893920898,0,0,0,0,0
0.361042,68.3988876342773,0,0,0,0,0
0.361250,62.5996437072754,0,0,0,0,0
0.361458,58.0891189575195,0,0,0,0,0
0.361667,53.5785942077637,0,0,0,0,0
0.361875,47.1349906921387,0,0,0,0,0
0.362083,46.4906272888184,0,0,0,0,0
0.362292,39.4026641845703,0,0,0,0,0
0.362500,37.4695816040039,0,0,0,0,0
0.362708,33.6034164428711,0,0,0,0,0
0.362917,26.5154514312744,0,0,0,0,0
0.363125,23.2936496734619,0,0,0,0,0
0.363333,20.0718460083008,0,0,0,0,0
0.363542,15.5613231658936,0,0,0,0,0
0.363750,10.4064388275146,0,0,0,0,0
0.363958,6.54027509689331,0,0,0,0,0
0.364167,5.25155401229858,0,0,0,0,0
0.364375,0.0966698154807091,0,0,0,0,0
0.364583,-5.05821466445923,0,0,0,0,0
0.364792,-6.99129629135132,0,0,0,0,0
0.365000,-10.8574590682983,0,0,0,0,0
0.365208,-15.3679828643799,0,0,0,0,0
0.365417,-19.8785076141357,0,0,0,0,0
0.365625,-22.4559497833252,0,0,0,0,0
0.365833,-29.5439147949219,0,0,0,0,0
0.366042,-32.1213569641113,0,0,0,0,0
0.366250,-36.6318817138672,0,0,0,0,0
0.366458,-41.7867660522461,0,0,0,0,0
0.366667,-44.3642082214355,0,0,0,0,0
0.366875,-50.8078117370605,0,0,0,0,0
0.367083,-52.740894317627,0,0,0,0,0
0.367292,-52.740894317627,0,0,0,0,0
0.367500,-61.7619438171387,0,0,0,0,0
0.367708,-63.6950225830078,0,0,0,0,0
0.367917,-68.8499069213867,0,0,0,0,0
0.368125,-74.0047912597656,0,0,0,0,0
0.368333,-77.2265930175781,0,0,0,0,0
0.368542,-78.5153198242188,0,0,0,0,0
0.368750,-86.2476425170898,0,0,0,0,0
0.368958,-89.4694442749023,0,0,0,0,0
0.369167,-91.4025268554688,0,0,0,0,0
0.369375,-95.9130477905273,0,0,0,0,0
0.369583,-98.4904937744141,0,0,0,0,0
0.369792,-105.578460693359,0,0,0,0,0
0.370000,-106.867179870605,0,0,0,0,0
0.370208,-111.377700805664,0,0,0,0,0
0.370417,-115.243865966797,0,0,0,0,0
0.370625,-118.465667724609,0,0,0,0,0
0.370833,-124.264915466309,0,0,0,0,0
0.371042,-125.553634643555,0,0,0,0,0
0.371250,-131.99723815918,0,0,0,0,0
0.371458,-132.6416015625,0,0,0,0,0
0.371667,-137.796493530273,0,0,0,0,0
0.371875,-142.951370239258,0,0,0,0,0
0.372083,-144.88444519043,0,0,0,0,0
0.372292,-150.039337158203,0,0,0,0,0
0.372500,-153.261138916016,0,0,0,0,0
0.372708,-160.349105834961,0,0,0,0,0
0.372917,-161.637832641602,0,0,0,0,0
0.373125,-168.081436157227,0,0,0,0,0
0.373333,-168.081436157227,0,0,0,0,0
0.373542,-171.947601318359,0,0,0,0,0
0.373750,-173.880676269531,0,0,0,0,0
0.373958,-180.968643188477,0,0,0,0,0
0.374167,-184.834808349609,0,0,0,0,0
0.374375,-188.700973510742,0,0,0,0,0
0.374583,-191.278411865234,0,0,0,0,0
0.374792,-196.433288574219,0,0,0,0,0
0.375000,-199.65510559082,0,0,0,0,0
0.375208,-201.588180541992,0,0,0,0,0
0.375417,-209.320510864258,0,0,0,0,0
0.375625,-208.676147460938,0,0,0,0,0
0.375833,-213.831024169922,0,0,0,0,0
0.376042,-215.119750976563,0,0,0,0,0
0.376250,-219.630279541016,0,0,0,0,0
0.376458,-226.718246459961,0,0,0,0,0
0.376667,-230.584411621094,0,0,0,0,0
0.376875,-230.584411621094,0,0,0,0,0
0.377083,-237.028015136719,0,0,0,0,0
0.377292,-240.249816894531,0,0,0,0,0
0.377500,-244.115982055664,0,0,0,0,0
0.377708,-249.270858764648,0,0,0,0,0
0.377917,-249.915222167969,0,0,0,0,0
0.378125,-257.647552490234,0,0,0,0,0
0.378333,-258.291900634766,0,0,0,0,0
0.378542,-263.44677734375,0,0,0,0,0
0.378750,-266.668609619141,0,0,0,0,0
0.378958,-269.890411376953,0,0,0,0,0
0.379167,-270.534759521484,0,0,0,0,0
0.379375,-275.689636230469,0,0,0,0,0
0.379583,-278.26708984375,0,0,0,0,0
0.379792,-286.643768310547,0,0,0,0,0
0.380000,-285.355041503906,0,0,0,0,0
0.380208,-287.288146972656,0,0,0,0,0
0.380417,-291.798645019531,0,0,0,0,0
0.380625,-291.798645019531,0,0,0,0,0
0.380833,-295.020446777344,0,0,0,0,0
0.381042,-295.020446777344,0,0,0,0,0
0.381250,-299.530975341797,0,0,0,0,0
0.381458,-297.597900390625,0,0,0,0,0
0.381667,-301.464050292969,0,0,0,0,0
0.381875,-304.04150390625,0,0,0,0,0
0.382083,-307.263305664063,0,0,0,0,0
0.382292,-307.263305664063,0,0,0,0,0
0.382500,-307.907684326172,0,0,0,0,0
0.382708,-310.485107421875,0,0,0,0,0
0.382917,-311.129486083984,0,0,0,0,0
0.383125,-311.773834228516,0,0,0,0,0
0.383333,-314.995635986328,0,0,0,0,0
0.383542,-316.9287109375,0,0,0,0,0
0.383750,-318.217437744141,0,0,0,0,0
0.383958,-318.217437744141,0,0,0,0,0
0.384167,-319.506164550781,0,0,0,0,0
0.384375,-327.882843017578,0,0,0,0,0
0.384583,-322.083587646484,0,0,0,0,0
0.384792,-322.083587646484,0,0,0,0,0
0.385000,-323.372314453125,0,0,0,0,0
0.385208,-324.661041259766,0,0,0,0,0
0.385417,-327.238494873047,0,0,0,0,0
0.385625,-327.882843017578,0,0,0,0,0
0.385833,-328.527221679688,0,0,0,0,0
0.386042,-329.81591796875,0,0,0,0,0
0.386250,-329.81591796875,0,0,0,0,0
0.386458,-329.81591796875,0,0,0,0,0
0.386667,-332.393371582031,0,0,0,0,0
0.386875,-332.393371582031,0,0,0,0,0
0.387083,-338.192626953125,0,0,0,0,0
0.387292,-333.037719726563,0,0,0,0,0
0.387500,-337.548248291016,0,0,0,0,0
0.387708,-334.326446533203,0,0,0,0,0
0.387917,-338.192626953125,0,0,0,0,0
0.388125,-334.326446533203,0,0,0,0,0
0.388333,-338.192626953125,0,0,0,0,0
0.388542,-335.615173339844,0,0,0,0,0
0.388750,-334.970825195313,0,0,0,0,0
0.388958,-336.903900146484,0,0,0,0,0
0.389167,-335.615173339844,0,0,0,0,0
0.389375,-338.836975097656,0,0,0,0,0
0.389583,-337.548248291016,0,0,0,0,0
0.389792,-338.836975097656,0,0,0,0,0
0.390000,-339.481323242188,0,0,0,0,0
0.390208,-340.125701904297,0,0,0,0,0
0.390417,-338.192626953125,0,0,0,0,0
0.390625,-340.125701904297,0,0,0,0,0
0.390833,-340.125701904297,0,0,0,0,0
0.391042,-340.125701904297,0,0,0,0,0
0.391250,-342.058776855469,0,0,0,0,0
0.391458,-342.058776855469,0,0,0,0,0
0.391667,-343.347503662109,0,0,0,0,0
0.391875,-344.63623046875,0,0,0,0,0
0.392083,-343.347503662109,0,0,0,0,0
0.392292,-340.125701904297,0,0,0,0,0
0.392500,-342.058776855469,0,0,0,0,0
0.392708,-339.481323242188,0,0,0,0,0
0.392917,-342.703125,0,0,0,0,0
0.393125,-341.414428710938,0,0,0,0,0
0.393333,-344.63623046875,0,0,0,0,0
0.393542,-342.703125,0,0,0,0,0
0.393750,-342.703125,0,0,0,0,0
0.393958,-345.280578613281,0,0,0,0,0
0.394167,-342.703125,0,0,0,0,0
0.394375,-342.703125,0,0,0,0,0
0.394583,-342.703125,0,0,0,0,0
0.394792,-345.924926757813,0,0,0,0,0
0.395000,-343.991851806641,0,0,0,0,0
0.395208,-345.280578613281,0,0,0,0,0
0.395417,-344.63623046875,0,0,0,0,0
0.395625,-344.63623046875,0,0,0,0,0
0.395833,-342.058776855469,0,0,0,0,0
0.396042,-342.058776855469,0,0,0,0,0
0.396250,-340.125701904297,0,0,0,0,0
0.396458,-343.991851806641,0,0,0,0,0
0.396667,-334.970825195313,0,0,0,0,0
0.396875,-333.682098388672,0,0,0,0,0
0.397083,-331.7490234375,0,0,0,0,0
0.397292,-328.527221679688,0,0,0,0,0
0.397500,-328.527221679688,0,0,0,0,0
0.397708,-325.305389404297,0,0,0,0,0
0.397917,-324.016693115234,0,0,0,0,0
0.398125,-320.150512695313,0,0,0,0,0
0.398333,-315.639984130859,0,0,0,0,0
0.398542,-314.995635986328,0,0,0,0,0
0.398750,-313.062561035156,0,0,0,0,0
0.398958,-307.907684326172,0,0,0,0,0
0.399167,-305.974578857422,0,0,0,0,0
0.399375,-302.108428955078,0,0,0,0,0
0.399583,-302.752777099609,0,0,0,0,0
0.399792,-298.886627197266,0,0,0,0,0
0.400000,-295.020446777344,0,0,0,0,0
0.400208,-292.443023681641,0,0,0,0,0
0.400417,-290.509948730469,0,0,0,0,0
0.400625,-285.999420166016,0,0,0,0,0
0.400833,-285.999420166016,0,0,0,0,0
0.401042,-280.200164794922,0,0,0,0,0
0.401250,-275.689636230469,0,0,0,0,0
0.401458,-275.689636230469,0,0,0,0,0
0.401667,-271.823486328125,0,0,0,0,0
0.401875,-276.334014892578,0,0,0,0,0
0.402083,-264.735504150391,0,0,0,0,0
0.402292,-265.3798828125,0,0,0,0,0
0.402500,-258.936279296875,0,0,0,0,0
0.402708,-256.358825683594,0,0,0,0,0
0.402917,-254.425750732422,0,0,0,0,0
0.403125,-251.203948974609,0,0,0,0,0
0.403333,-245.404693603516,0,0,0,0,0
0.403542,-244.115982055664,0,0,0,0,0
0.403750,-241.538528442383,0,0,0,0,0
0.403958,-233.161849975586,0,0,0,0,0
0.404167,-231.873123168945,0,0,0,0,0
0.404375,-228.006958007813,0,0,0,0,0
0.404583,-226.718246459961,0,0,0,0,0
0.404792,-221.563354492188,0,0,0,0,0
0.405000,-215.764114379883,0,0,0,0,0
0.405208,-216.408477783203,0,0,0,0,0
0.405417,-212.54231262207,0,0,0,0,0
0.405625,-208.031784057617,0,0,0,0,0
0.405833,-204.809982299805,0,0,0,0,0
0.406042,-202.232543945313,0,0,0,0,0
0.406250,-198.36637878418,0,0,0,0,0
0.406458,-194.500213623047,0,0,0,0,0
0.406667,-190.634048461914,0,0,0,0,0
0.406875,-195.144577026367,0,0,0,0,0
0.407083,-186.123519897461,0,0,0,0,0
0.407292,-176.458114624023,0,0,0,0,0
0.407500,-178.391204833984,0,0,0,0,0
0.407708,-172.591949462891,0,0,0,0,0
0.407917,-167.437072753906,0,0,0,0,0
0.408125,-166.792709350586,0,0,0,0,0
0.408333,-159.704742431641,0,0,0,0,0
0.408542,-157.771667480469,0,0,0,0,0
0.408750,-155.194213867188,0,0,0,0,0
0.408958,-151.328063964844,0,0,0,0,0
0.409167,-148.106262207031,0,0,0,0,0
0.409375,-142.307006835938,0,0,0,0,0
0.409583,-135.863403320313,0,0,0,0,0
0.409792,-135.863403320313,0,0,0,0,0
0.410000,-132.6416015625,0,0,0,0,0
0.410208,-126.842353820801,0,0,0,0,0
0.410417,-124.264915466309,0,0,0,0,0
0.410625,-118.465667724609,0,0,0,0,0
0.410833,-116.532585144043,0,0,0,0,0
0.411042,-110.088981628418,0,0,0,0,0
0.411250,-106.867179870605,0,0,0,0,0
0.411458,-101.712295532227,0,0,0,0,0
0.411667,-97.201774597168,0,0,0,0,0
0.411875,-92.6912460327148,0,0,0,0,0
0.412083,-87.5363616943359,0,0,0,0,0
0.412292,-82.381477355957,0,0,0,0,0
0.412500,-79.1596755981445,0,0,0,0,0
0.412708,-74.6491546630859,0,0,0,0,0
0.412917,-70.1386260986328,0,0,0,0,0
0.413125,-65.6281051635742,0,0,0,0,0
0.413333,-61.1175804138184,0,0,0,0,0
0.413542,-57.2514190673828,0,0,0,0,0
0.413750,-52.0965347290039,0,0,0,0,0
0.413958,-48.2303695678711,0,0,0,0,0
0.414167,-45.6529273986816,0,0,0,0,0
0.414375,-39.8536834716797,0,0,0,0,0
0.414583,-35.9875221252441,0,0,0,0,0
0.414792,-32.1213569641113,0,0,0,0,0
0.415000,-28.8995552062988,0,0,0,0,0
0.415208,-22.4559497833252,0,0,0,0,0
0.415417,-20.5228672027588,0,0,0,0,0
0.415625,-14.0792617797852,0,0,0,0,0
0.415833,-12.7905406951904,0,0,0,0,0
0.416042,-5.05821466445923,0,0,0,0,0
0.416250,-3.12513279914856,0,0,0,0,0
0.416458,-0.547690749168396,0,0,0,0,0
0.416667,5.25155401229858,0,0,0,0,0
0.416875,11.050799369812,0,0,0,0,0
0.417083,14.2726020812988,0,0,0,0,0
0.417292,17.4944038391113,0,0,0,0,0
0.417500,22.0049285888672,0,0,0,0,0
0.417708,25.8710918426514,0,0,0,0,0
0.417917,29.7372550964355,0,0,0,0,0
0.418125,32.314697265625,0,0,0,0,0
0.418333,38.75830078125,0,0,0,0,0
0.418542,38.113941192627,0,0,0,0,0
0.418750,45.8462677001953,0,0,0,0,0
0.418958,49.0680694580078,0,0,0,0,0
0.419167,56.1560363769531,0,0,0,0,0
0.419375,58.0891189575195,0,0,0,0,0
0.419583,62.5996437072754,0,0,0,0,0
0.419792,68.3988876342773,0,0,0,0,0
0.420000,69.6876068115234,0,0,0,0,0
0.420208,74.8424911499023,0,0,0,0,0
0.420417,78.0642929077148,0,0,0,0,0
0.420625,83.2191772460938,0,0,0,0,0
0.420833,85.1522598266602,0,0,0,0,0
0.421042,90.3071441650391,0,0,0,0,0
0.421250,93.5289459228516,0,0,0,0,0
0.421458,99.9725570678711,0,0,0,0,0
0.421667,103.194358825684,0,0,0,0,0
0.421875,105.771797180176,0,0,0,0,0
0.422083,110.926681518555,0,0,0,0,0
0.422292,113.504127502441,0,0,0,0,0
0.422500,117.37028503418,0,0,0,0,0
0.422708,121.236450195313,0,0,0,0,0
0.422917,127.035697937012,0,0,0,0,0
0.423125,126.391334533691,0,0,0,0,0
0.423333,132.834945678711,0,0,0,0,0
0.423542,136.701110839844,0,0,0,0,0
0.423750,139.278549194336,0,0,0,0,0
0.423958,145.077789306641,0,0,0,0,0
0.424167,149.588317871094,0,0,0,0,0
0.424375,153.454483032227,0,0,0,0,0
0.424583,156.031921386719,0,0,0,0,0
0.424792,159.253723144531,0,0,0,0,0
0.425000,163.764251708984,0,0,0,0,0
0.425208,168.274765014648,0,0,0,0,0
0.425417,170.85221862793,0,0,0,0,0
0.425625,175.362731933594,0,0,0,0,0
0.425833,178.584533691406,0,0,0,0,0
0.426042,181.806335449219,0,0,0,0,0
0.426250,184.3837890625,0,0,0,0,0
0.426458,190.827392578125,0,0,0,0,0
0.426667,194.049194335938,0,0,0,0,0
0.426875,197.27099609375,0,0,0,0,0
0.427083,201.137161254883,0,0,0,0,0
0.427292,205.003326416016,0,0,0,0,0
0.427500,207.580764770508,0,0,0,0,0
0.427708,210.80256652832,0,0,0,0,0
0.427917,217.246170043945,0,0,0,0,0
0.428125,219.823608398438,0,0,0,0,0
0.428333,223.04541015625,0,0,0,0,0
0.428542,228.200302124023,0,0,0,0,0
0.428750,232.710830688477,0,0,0,0,0
0.428958,235.288269042969,0,0,0,0,0
0.429167,239.798797607422,0,0,0,0,0
0.429375,241.731872558594,0,0,0,0,0
0.429583,245.598037719727,0,0,0,0,0
0.429792,246.242401123047,0,0,0,0,0
0.430000,253.330368041992,0,0,0,0,0
0.430208,256.552154541016,0,0,0,0,0
0.430417,262.351409912109,0,0,0,0,0
0.430625,264.284484863281,0,0,0,0,0
0.430833,268.150665283203,0,0,0,0,0
0.431042,273.305541992188,0,0,0,0,0
0.431250,274.594268798828,0,0,0,0,0
0.431458,278.460418701172,0,0,0,0,0
0.431667,277.816070556641,0,0,0,0,0
0.431875,284.259674072266,0,0,0,0,0
0.432083,284.904022216797,0,0,0,0,0
0.432292,291.992004394531,0,0,0,0,0
0.432500,290.703277587891,0,0,0,0,0
0.432708,296.502532958984,0,0,0,0,0
0.432917,295.858154296875,0,0,0,0,0
0.433125,298.435607910156,0,0,0,0,0
0.433333,301.657409667969,0,0,0,0,0
0.433542,301.657409667969,0,0,0,0,0
0.433750,304.234832763672,0,0,0,0,0
0.433958,303.590484619141,0,0,0,0,0
0.434167,306.812286376953,0,0,0,0,0
0.434375,310.034088134766,0,0,0,0,0
0.434583,312.611541748047,0,0,0,0,0
0.434792,313.255889892578,0,0,0,0,0
0.435000,313.255889892578,0,0,0,0,0
0.435208,314.544616699219,0,0,0,0,0
0.435417,315.18896484375,0,0,0,0,0
0.435625,319.699493408203,0,0,0,0,0
0.435833,319.055145263672,0,0,0,0,0
0.436042,322.276947021484,0,0,0,0,0
0.436250,322.276947021484,0,0,0,0,0
0.436458,321.632568359375,0,0,0,0,0
0.436667,324.854370117188,0,0,0,0,0
0.436875,329.364898681641,0,0,0,0,0
0.437083,326.143096923828,0,0,0,0,0
0.437292,327.431823730469,0,0,0,0,0
0.437500,327.431823730469,0,0,0,0,0
0.437708,329.364898681641,0,0,0,0,0
0.437917,328.076171875,0,0,0,0,0
0.438125,331.297973632813,0,0,0,0,0
0.438333,331.942352294922,0,0,0,0,0
0.438542,330.00927734375,0,0,0,0,0
0.438750,331.942352294922,0,0,0,0,0
0.438958,331.942352294922,0,0,0,0,0
0.439167,334.519805908203,0,0,0,0,0
0.439375,334.519805908203,0,0,0,0,0
0.439583,335.164154052734,0,0,0,0,0
0.439792,335.808502197266,0,0,0,0,0
0.440000,336.452880859375,0,0,0,0,0
0.440208,337.741607666016,0,0,0,0,0
0.440417,338.385955810547,0,0,0,0,0
0.440625,340.319030761719,0,0,0,0,0
0.440833,337.741607666016,0,0,0,0,0
0.441042,338.385955810547,0,0,0,0,0
0.441250,338.385955810547,0,0,0,0,0
0.441458,338.385955810547,0,0,0,0,0
0.441667,337.741607666016,0,0,0,0,0
0.441875,338.385955810547,0,0,0,0,0
0.442083,340.319030761719,0,0,0,0,0
0.442292,339.674682617188,0,0,0,0,0
0.442500,341.607757568359,0,0,0,0,0
0.442708,345.473907470703,0,0,0,0,0
0.442917,340.319030761719,0,0,0,0,0
0.443125,342.896484375,0,0,0,0,0
0.443333,342.252105712891,0,0,0,0,0
0.443542,342.896484375,0,0,0,0,0
0.443750,342.896484375,0,0,0,0,0
0.443958,344.185211181641,0,0,0,0,0
0.444167,341.607757568359,0,0,0,0,0
0.444375,344.185211181641,0,0,0,0,0
0.444583,342.252105712891,0,0,0,0,0
0.444792,342.252105712891,0,0,0,0,0
0.445000,346.762634277344,0,0,0,0,0
0.445208,342.896484375,0,0,0,0,0
0.445417,344.829559326172,0,0,0,0,0
0.445625,346.118286132813,0,0,0,0,0
0.445833,344.829559326172,0,0,0,0,0
0.446042,345.473907470703,0,0,0,0,0
0.446250,346.762634277344,0,0,0,0,0
0.446458,348.051361083984,0,0,0,0,0
0.446667,345.473907470703,0,0,0,0,0
0.446875,344.185211181641,0,0,0,0,0
0.447083,345.473907470703,0,0,0,0,0
0.447292,347.407012939453,0,0,0,0,0
0.447500,342.896484375,0,0,0,0,0
0.447708,344.829559326172,0,0,0,0,0
0.447917,342.252105712891,0,0,0,0,0
0.448125,345.473907470703,0,0,0,0,0
0.448333,341.607757568359,0,0,0,0,0
0.448542,339.030303955078,0,0,0,0,0
0.448750,337.741607666016,0,0,0,0,0
0.448958,333.875427246094,0,0,0,0,0
0.449167,331.942352294922,0,0,0,0,0
0.449375,330.00927734375,0,0,0,0,0
0.449583,332.586700439453,0,0,0,0,0
0.449792,324.854370117188,0,0,0,0,0
0.450000,322.276947021484,0,0,0,0,0
0.450208,319.055145263672,0,0,0,0,0
0.450417,320.343872070313,0,0,0,0,0
0.450625,314.544616699219,0,0,0,0,0
0.450833,311.322814941406,0,0,0,0,0
0.451042,310.034088134766,0,0,0,0,0
0.451250,306.167938232422,0,0,0,0,0
0.451458,302.946136474609,0,0,0,0,0
0.451667,299.724334716797,0,0,0,0,0
0.451875,296.502532958984,0,0,0,0,0
0.452083,296.502532958984,0,0,0,0,0
0.452292,293.280731201172,0,0,0,0,0
0.452500,289.41455078125,0,0,0,0,0
0.452708,288.770202636719,0,0,0,0,0
0.452917,285.548400878906,0,0,0,0,0
0.453125,281.682220458984,0,0,0,0,0
0.453333,279.104797363281,0,0,0,0,0
0.453542,276.52734375,0,0,0,0,0
0.453750,274.594268798828,0,0,0,0,0
0.453958,269.439361572266,0,0,0,0,0
0.454167,263.64013671875,0,0,0,0,0
0.454375,262.995758056641,0,0,0,0,0
0.454583,259.773956298828,0,0,0,0,0
0.454792,255.263442993164,0,0,0,0,0
0.455000,252.686004638672,0,0,0,0,0
0.455208,249.464202880859,0,0,0,0,0
0.455417,246.242401123047,0,0,0,0,0
0.455625,244.953674316406,0,0,0,0,0
0.455833,239.798797607422,0,0,0,0,0
0.456042,235.932632446289,0,0,0,0,0
0.456250,232.066467285156,0,0,0,0,0
0.456458,226.911575317383,0,0,0,0,0
0.456667,223.04541015625,0,0,0,0,0
0.456875,224.334136962891,0,0,0,0,0
0.457083,219.179260253906,0,0,0,0,0
0.457292,216.601806640625,0,0,0,0,0
0.457500,212.091293334961,0,0,0,0,0
0.457708,208.869491577148,0,0,0,0,0
0.457917,206.292037963867,0,0,0,0,0
0.458125,201.137161254883,0,0,0,0,0
0.458333,199.848434448242,0,0,0,0,0
0.458542,193.404830932617,0,0,0,0,0
0.458750,190.183029174805,0,0,0,0,0
0.458958,186.316864013672,0,0,0,0,0
0.459167,185.02815246582,0,0,0,0,0
0.459375,180.517623901367,0,0,0,0,0
0.459583,176.007095336914,0,0,0,0,0
0.459792,172.140930175781,0,0,0,0,0
0.460000,168.274765014648,0,0,0,0,0
0.460208,165.052963256836,0,0,0,0,0
0.460417,161.186798095703,0,0,0,0,0
0.460625,157.320648193359,0,0,0,0,0
0.460833,152.810119628906,0,0,0,0,0
0.461042,149.588317871094,0,0,0,0,0
0.461250,143.144714355469,0,0,0,0,0
0.461458,144.43342590332,0,0,0,0,0
0.461667,139.922912597656,0,0,0,0,0
0.461875,134.123657226563,0,0,0,0,0
0.462083,130.25749206543,0,0,0,0,0
0.462292,126.391334533691,0,0,0,0,0
0.462500,121.880813598633,0,0,0,0,0
0.462708,119.947731018066,0,0,0,0,0
0.462917,115.437210083008,0,0,0,0,0
0.463125,110.926681518555,0,0,0,0,0
0.463333,105.771797180176,0,0,0,0,0
0.463542,101.261276245117,0,0,0,0,0
0.463750,95.462028503418,0,0,0,0,0
0.463958,93.5289459228516,0,0,0,0,0
0.464167,87.7297058105469,0,0,0,0,0
0.464375,84.5079040527344,0,0,0,0,0
0.464583,79.9973754882813,0,0,0,0,0
0.464792,74.1981353759766,0,0,0,0,0
0.465000,72.2650527954102,0,0,0,0,0
0.465208,67.754524230957,0,0,0,0,0
0.465417,62.5996437072754,0,0,0,0,0
0.465625,56.8003959655762,0,0,0,0,0
0.465833,52.9342346191406,0,0,0,0,0
0.466042,47.7793502807617,0,0,0,0,0
0.466250,43.2688255310059,0,0,0,0,0
0.466458,40.0470237731934,0,0,0,0,0
0.466667,36.8252220153809,0,0,0,0,0
0.466875,31.6703357696533,0,0,0,0,0
0.467083,27.8041725158691,0,0,0,0,0
0.467292,24.5823707580566,0,0,0,0,0
0.467500,16.8500442504883,0,0,0,0,0
0.467708,16.2056827545166,0,0,0,0,0
0.467917,11.6951599121094,0,0,0,0,0
0.468125,7.82899618148804,0,0,0,0,0
0.468333,2.02975153923035,0,0,0,0,0
0.468542,0.741030335426331,0,0,0,0,0
0.468750,-3.12513279914856,0,0,0,0,0
0.468958,-6.99129629135132,0,0,0,0,0
0.469167,-13.4349012374878,0,0,0,0,0
0.469375,-17.3010654449463,0,0,0,0,0
0.469583,-21.1672286987305,0,0,0,0,0
0.469792,-24.389030456543,0,0,0,0,0
0.470000,-27.6108341217041,0,0,0,0,0
0.470208,-30.8326358795166,0,0,0,0,0
0.470417,-34.0544395446777,0,0,0,0,0
0.470625,-40.4980430603027,0,0,0,0,0
0.470833,-43.7198486328125,0,0,0,0,0
0.471042,-47.586009979248,0,0,0,0,0
0.471250,-52.740894317627,0,0,0,0,0
0.471458,-55.9626960754395,0,0,0,0,0
0.471667,-63.0506629943848,0,0,0,0,0
0.471875,-64.9837417602539,0,0,0,0,0
0.472083,-69.494270324707,0,0,0,0,0
0.472292,-72.0717086791992,0,0,0,0,0
0.472500,-77.8709564208984,0,0,0,0,0
0.472708,-80.4483947753906,0,0,0,0,0
0.472917,-85.6032791137695,0,0,0,0,0
0.473125,-89.4694442749023,0,0,0,0,0
0.473333,-94.6243286132813,0,0,0,0,0
0.473542,-96.5574111938477,0,0,0,0,0
0.473750,-100.42357635498,0,0,0,0,0
0.473958,-104.934097290039,0,0,0,0,0
0.474167,-112.022064208984,0,0,0,0,0
0.474375,-110.733345031738,0,0,0,0,0
0.474583,-113.31078338623,0,0,0,0,0
0.474792,-119.75439453125,0,0,0,0,0
0.475000,-122.976196289063,0,0,0,0,0
0.475208,-128.131072998047,0,0,0,0,0
0.475417,-130.708526611328,0,0,0,0,0
0.475625,-135.863403320313,0,0,0,0,0
0.475833,-138.440841674805,0,0,0,0,0
0.476042,-141.662643432617,0,0,0,0,0
0.476250,-145.52880859375,0,0,0,0,0
0.476458,-151.972412109375,0,0,0,0,0
0.476667,-153.905502319336,0,0,0,0,0
0.476875,-155.838577270508,0,0,0,0,0
0.477083,-164.859634399414,0,0,0,0,0
0.477292,-166.148345947266,0,0,0,0,0
0.477500,-170.658874511719,0,0,0,0,0
0.477708,-172.591949462891,0,0,0,0,0
0.477917,-179.679916381836,0,0,0,0,0
0.478125,-180.968643188477,0,0,0,0,0
0.478333,-182.901718139648,0,0,0,0,0
0.478542,-189.345336914063,0,0,0,0,0
0.478750,-189.345336914063,0,0,0,0,0
0.478958,-195.144577026367,0,0,0,0,0
0.479167,-199.65510559082,0,0,0,0,0
0.479375,-202.232543945313,0,0,0,0,0
0.479583,-208.676147460938,0,0,0,0,0
0.479792,-211.25358581543,0,0,0,0,0
0.480000,-215.764114379883,0,0,0,0,0
0.480208,-217.697189331055,0,0,0,0,0
0.480417,-223.496444702148,0,0,0,0,0
0.480625,-229.940048217773,0,0,0,0,0
0.480833,-229.940048217773,0,0,0,0,0
0.481042,-235.094924926758,0,0,0,0,0
0.481250,-237.028015136719,0,0,0,0,0
0.481458,-242.827255249023,0,0,0,0,0
0.481667,-246.049057006836,0,0,0,0,0
0.481875,-249.915222167969,0,0,0,0,0
0.482083,-251.848297119141,0,0,0,0,0
0.482292,-257.647552490234,0,0,0,0,0
0.482500,-259.580627441406,0,0,0,0,0
0.482708,-263.44677734375,0,0,0,0,0
0.482917,-267.957305908203,0,0,0,0,0
0.483125,-269.246032714844,0,0,0,0,0
0.483333,-273.756561279297,0,0,0,0,0
0.483542,-275.689636230469,0,0,0,0,0
0.483750,-279.555816650391,0,0,0,0,0
0.483958,-282.133239746094,0,0,0,0,0
0.484167,-286.643768310547,0,0,0,0,0
0.484375,-286.643768310547,0,0,0,0,0
0.484583,-291.154296875,0,0,0,0,0
0.484792,-292.443023681641,0,0,0,0,0
0.485000,-291.154296875,0,0,0,0,0
0.485208,-295.664825439453,0,0,0,0,0
0.485417,-296.309173583984,0,0,0,0,0
0.485625,-298.242248535156,0,0,0,0,0
0.485833,-301.464050292969,0,0,0,0,0
0.486042,-302.752777099609,0,0,0,0,0
0.486250,-305.974578857422,0,0,0,0,0
0.486458,-307.907684326172,0,0,0,0,0
0.486667,-307.907684326172,0,0,0,0,0
0.486875,-310.485107421875,0,0,0,0,0
0.487083,-311.129486083984,0,0,0,0,0
0.487292,-312.418182373047,0,0,0,0,0
0.487500,-314.995635986328,0,0,0,0,0
0.487708,-315.639984130859,0,0,0,0,0
0.487917,-316.9287109375,0,0,0,0,0
0.488125,-320.150512695313,0,0,0,0,0
0.488333,-319.506164550781,0,0,0,0,0
0.488542,-320.794891357422,0,0,0,0,0
0.488750,-322.727966308594,0,0,0,0,0
0.488958,-324.661041259766,0,0,0,0,0
0.489167,-325.305389404297,0,0,0,0,0
0.489375,-326.594116210938,0,0,0,0,0
0.489583,-324.661041259766,0,0,0,0,0
0.489792,-327.882843017578,0,0,0,0,0
0.490000,-326.594116210938,0,0,0,0,0
0.490208,-328.527221679688,0,0,0,0,0
0.490417,-330.460296630859,0,0,0,0,0
0.490625,-329.81591796875,0,0,0,0,0
0.490833,-333.037719726563,0,0,0,0,0
0.491042,-331.104644775391,0,0,0,0,0
0.491250,-334.970825195313,0,0,0,0,0
0.491458,-333.682098388672,0,0,0,0,0
0.491667,-333.037719726563,0,0,0,0,0
0.491875,-336.903900146484,0,0,0,0,0
0.492083,-333.682098388672,0,0,0,0,0
0.492292,-340.770050048828,0,0,0,0,0
0.492500,-335.615173339844,0,0,0,0,0
0.492708,-334.970825195313,0,0,0,0,0
0.492917,-335.615173339844,0,0,0,0,0
0.493125,-335.615173339844,0,0,0,0,0
0.493333,-336.903900146484,0,0,0,0,0
0.493542,-337.548248291016,0,0,0,0,0
0.493750,-337.548248291016,0,0,0,0,0
0.493958,-343.347503662109,0,0,0,0,0
0.494167,-340.125701904297,0,0,0,0,0
0.494375,-338.192626953125,0,0,0,0,0
0.494583,-340.125701904297,0,0,0,0,0
0.494792,-340.770050048828,0,0,0,0,0
0.495000,-340.125701904297,0,0,0,0,0
0.495208,-340.770050048828,0,0,0,0,0
0.495417,-340.770050048828,0,0,0,0,0
0.495625,-341.414428710938,0,0,0,0,0
0.495833,-342.703125,0,0,0,0,0
0.496042,-340.125701904297,0,0,0,0,0
0.496250,-345.924926757813,0,0,0,0,0
0.496458,-343.991851806641,0,0,0,0,0
0.496667,-342.703125,0,0,0,0,0
0.496875,-341.414428710938,0,0,0,0,0
0.497083,-343.347503662109,0,0,0,0,0
0.497292,-342.703125,0,0,0,0,0
0.497500,-342.058776855469,0,0,0,0,0
0.497708,-344.63623046875,0,0,0,0,0
0.497917,-342.703125,0,0,0,0,0
0.498125,-345.280578613281,0,0,0,0,0
0.498333,-342.058776855469,0,0,0,0,0
0.498542,-345.280578613281,0,0,0,0,0
0.498750,-345.280578613281,0,0,0,0,0
0.498958,-348.502380371094,0,0,0,0,0
0.499167,-342.058776855469,0,0,0,0,0
0.499375,-345.280578613281,0,0,0,0,0
0.499583,-343.991851806641,0,0,0,0,0
0.499792,-348.502380371094,0,0,0,0,0
0.500000,-342.703125,0,0,0,0,0
0.500208,-341.414428710938,0,0,0,0,0
0.500417,-341.414428710938,0,0,0,0,0
0.500625,-339.481323242188,0,0,0,0,0
0.500833,-337.548248291016,0,0,0,0,0
0.501042,-333.682098388672,0,0,0,0,0
0.501250,-333.037719726563,0,0,0,0,0
0.501458,-329.81591796875,0,0,0,0,0
0.501667,-327.238494873047,0,0,0,0,0
0.501875,-324.661041259766,0,0,0,0,0
0.502083,-327.882843017578,0,0,0,0,0
0.502292,-318.217437744141,0,0,0,0,0
0.502500,-317.573089599609,0,0,0,0,0
0.502708,-313.062561035156,0,0,0,0,0
0.502917,-309.840759277344,0,0,0,0,0
0.503125,-309.196380615234,0,0,0,0,0
0.503333,-305.330230712891,0,0,0,0,0
0.503542,-303.397155761719,0,0,0,0,0
0.503750,-301.464050292969,0,0,0,0,0
0.503958,-296.309173583984,0,0,0,0,0
0.504167,-296.309173583984,0,0,0,0,0
0.504375,-293.087371826172,0,0,0,0,0
0.504583,-291.154296875,0,0,0,0,0
0.504792,-287.932495117188,0,0,0,0,0
0.505000,-283.421966552734,0,0,0,0,0
0.505208,-280.844512939453,0,0,0,0,0
0.505417,-277.622711181641,0,0,0,0,0
0.505625,-275.689636230469,0,0,0,0,0
0.505833,-271.179107666016,0,0,0,0,0
0.506042,-269.246032714844,0,0,0,0,0
0.506250,-265.3798828125,0,0,0,0,0
0.506458,-261.513702392578,0,0,0,0,0
0.506667,-259.580627441406,0,0,0,0,0
0.506875,-256.358825683594,0,0,0,0,0
0.507083,-257.003173828125,0,0,0,0,0
0.507292,-249.915222167969,0,0,0,0,0
0.507500,-248.626495361328,0,0,0,0,0
0.507708,-244.115982055664,0,0,0,0,0
0.507917,-239.605453491211,0,0,0,0,0
0.508125,-234.450561523438,0,0,0,0,0
0.508333,-231.873123168945,0,0,0,0,0
0.508542,-228.651321411133,0,0,0,0,0
0.508750,-225.42951965332,0,0,0,0,0
0.508958,-223.496444702148,0,0,0,0,0
0.509167,-218.341552734375,0,0,0,0,0
0.509375,-218.341552734375,0,0,0,0,0
0.509583,-213.186676025391,0,0,0,0,0
0.509792,-211.25358581543,0,0,0,0,0
0.510000,-206.743057250977,0,0,0,0,0
0.510208,-201.588180541992,0,0,0,0,0
0.510417,-197.077651977539,0,0,0,0,0
0.510625,-193.855850219727,0,0,0,0,0
0.510833,-189.345336914063,0,0,0,0,0
0.511042,-185.47917175293,0,0,0,0,0
0.511250,-182.257369995117,0,0,0,0,0
0.511458,-179.679916381836,0,0,0,0,0
0.511667,-177.746841430664,0,0,0,0,0
0.511875,-171.947601318359,0,0,0,0,0
0.512083,-168.725799560547,0,0,0,0,0
0.512292,-164.859634399414,0,0,0,0,0
0.512500,-160.349105834961,0,0,0,0,0
0.512708,-155.838577270508,0,0,0,0,0
0.512917,-155.194213867188,0,0,0,0,0
0.513125,-148.106262207031,0,0,0,0,0
0.513333,-146.17317199707,0,0,0,0,0
0.513542,-141.018295288086,0,0,0,0,0
0.513750,-136.507766723633,0,0,0,0,0
0.513958,-135.219039916992,0,0,0,0,0
0.514167,-131.352874755859,0,0,0,0,0
0.514375,-125.553634643555,0,0,0,0,0
0.514583,-120.398750305176,0,0,0,0,0
0.514792,-119.11003112793,0,0,0,0,0
0.515000,-113.955146789551,0,0,0,0,0
0.515208,-109.444625854492,0,0,0,0,0
0.515417,-105.578460693359,0,0,0,0,0
0.515625,-103.001014709473,0,0,0,0,0
0.515833,-96.5574111938477,0,0,0,0,0
0.516042,-92.6912460327148,0,0,0,0,0
0.516250,-87.5363616943359,0,0,0,0,0
0.516458,-86.2476425170898,0,0,0,0,0
0.516667,-77.8709564208984,0,0,0,0,0
0.516875,-73.3604354858398,0,0,0,0,0
0.517083,-70.7829895019531,0,0,0,0,0
0.517292,-65.6281051635742,0,0,0,0,0
0.517500,-63.0506629943848,0,0,0,0,0
0.517708,-57.2514190673828,0,0,0,0,0
0.517917,-55.3183364868164,0,0,0,0,0
0.518125,-47.586009979248,0,0,0,0,0
0.518333,-44.3642082214355,0,0,0,0,0
0.518542,-40.4980430603027,0,0,0,0,0
0.518750,-37.2762413024902,0,0,0,0,0
0.518958,-32.1213569641113,0,0,0,0,0
0.519167,-26.9664726257324,0,0,0,0,0
0.519375,-24.389030456543,0,0,0,0,0
0.519583,-19.8785076141357,0,0,0,0,0
0.519792,-16.6567039489746,0,0,0,0,0
0.520000,-12.1461801528931,0,0,0,0,0
0.520208,-6.34693574905396,0,0,0,0,0
0.520417,-1.83641183376312,0,0,0,0,0
0.520625,1.38539087772369,0,0,0,0,0
