Time (microseconds),V_ch1
0.00,4.61656093597412
208.33,11.6696882247925
416.67,12.3108816146851
625.00,16.7992362976074
833.33,20.6463966369629
1041.67,24.4935569763184
1250.00,27.6995239257813
1458.33,30.9054908752441
1666.67,37.3174247741699
1875.00,37.9586181640625
2083.33,45.6529388427734
2291.67,48.2177124023438
2500.00,57.8356132507324
2708.33,57.1944198608398
2916.67,59.7591934204102
3125.00,62.965160369873
3333.33,66.8123168945313
3541.67,71.3006744384766
3750.00,78.9949951171875
3958.33,80.2773818969727
4166.67,84.1245422363281
4375.00,89.2540893554688
4583.33,92.4600524902344
4791.67,95.0248260498047
5000.00,100.795570373535
5208.33,104.642730712891
5416.67,107.848693847656
5625.00,113.619438171387
5833.33,116.184211730957
6041.67,120.031372070313
6250.00,122.596145629883
6458.33,125.802108764648
6666.67,130.290466308594
6875.00,136.06120300293
7083.33,137.984786987305
7291.67,144.396713256836
7500.00,149.526260375977
7708.33,155.297012329102
7916.67,159.785354614258
8125.00,159.785354614258
8333.33,163.632522583008
8541.67,168.762069702148
8750.00,170.044448852539
8958.33,176.456390380859
9166.67,177.097579956055
9375.00,179.02116394043
9583.33,187.997863769531
9791.67,190.562637329102
10000.00,198.256958007813
10208.33,196.974578857422
10416.67,202.104125976563
10625.00,205.951278686523
10833.33,209.157257080078
11041.67,211.080825805664
11250.00,216.210372924805
11458.33,218.775146484375
11666.67,225.187088012695
11875.00,227.751861572266
12083.33,231.599014282227
12291.67,237.369766235352
12500.00,236.728561401367
12708.33,243.140502929688
12916.67,243.781692504883
13125.00,249.552429199219
13333.33,253.399597167969
13541.67,257.246765136719
13750.00,259.8115234375
13958.33,262.376312255859
14166.67,267.505859375
14375.00,270.070617675781
14583.33,274.558990478516
14791.67,277.764953613281
15000.00,280.329711914063
15208.33,280.970916748047
15416.67,286.100463867188
15625.00,286.741638183594
15833.33,290.588806152344
16041.67,290.588806152344
16250.00,294.435974121094
16458.33,297.000732421875
16666.67,298.283142089844
16875.00,302.130279541016
17083.33,304.053863525391
17291.67,305.336273193359
17500.00,305.977447509766
17708.33,311.106994628906
17916.67,309.824615478516
18125.00,310.4658203125
18333.33,313.671783447266
18541.67,314.312957763672
18750.00,318.160125732422
18958.33,316.877746582031
19166.67,318.801330566406
19375.00,321.366088867188
19583.33,322.007293701172
19791.67,323.289672851563
20000.00,323.289672851563
20208.33,325.213256835938
20416.67,320.083709716797
20625.00,327.136840820313
20833.33,327.136840820313
21041.67,329.060424804688
21250.00,328.419219970703
21458.33,329.060424804688
21666.67,330.984008789063
21875.00,328.419219970703
22083.33,331.625183105469
22291.67,329.701599121094
22500.00,330.984008789063
22708.33,330.342803955078
22916.67,332.266387939453
23125.00,332.907562255859
23333.33,332.907562255859
23541.67,336.754730224609
23750.00,333.548767089844
23958.33,335.472351074219
24166.67,336.754730224609
24375.00,336.754730224609
24583.33,334.189971923828
24791.67,336.754730224609
25000.00,338.037109375
25208.33,336.754730224609
25416.67,338.037109375
25625.00,337.395935058594
25833.33,339.319519042969
26041.67,338.037109375
26250.00,332.266387939453
26458.33,339.319519042969
26666.67,339.960693359375
26875.00,337.395935058594
27083.33,339.960693359375
27291.67,338.037109375
27500.00,340.601898193359
27708.33,340.601898193359
27916.67,339.960693359375
28125.00,339.319519042969
28333.33,340.601898193359
28541.67,337.395935058594
28750.00,341.88427734375
28958.33,344.449066162109
29166.67,340.601898193359
29375.00,342.525482177734
29583.33,341.243103027344
29791.67,341.88427734375
30000.00,341.243103027344
30208.33,341.88427734375
30416.67,339.319519042969
30625.00,347.013824462891
30833.33,342.525482177734
31041.67,342.525482177734
31250.00,347.013824462891
31458.33,339.960693359375
31666.67,341.243103027344
31875.00,339.960693359375
32083.33,336.113555908203
32291.67,333.548767089844
32500.00,331.625183105469
32708.33,328.419219970703
32916.67,328.419219970703
33125.00,326.495635986328
33333.33,323.289672851563
33541.67,320.724914550781
33750.00,317.518920898438
33958.33,313.030578613281
34166.67,312.389373779297
34375.00,309.183410644531
34583.33,307.901031494141
34791.67,304.695068359375
35000.00,304.695068359375
35208.33,300.206726074219
35416.67,297.000732421875
35625.00,295.718353271484
35833.33,290.588806152344
36041.67,290.588806152344
36250.00,284.818084716797
36458.33,282.894500732422
36666.67,279.688537597656
36875.00,276.482543945313
37083.33,271.994201660156
37291.67,272.635406494141
37500.00,266.864654541016
37708.33,263.65869140625
37916.67,265.582275390625
38125.00,256.605560302734
38333.33,256.605560302734
38541.67,246.346466064453
38750.00,246.346466064453
38958.33,243.781692504883
39166.67,238.652145385742
39375.00,239.293334960938
39583.33,235.446182250977
39791.67,230.316635131836
40000.00,226.469467163086
40208.33,229.675445556641
40416.67,218.775146484375
40625.00,214.927993774414
40833.33,213.004409790039
41041.67,209.157257080078
41250.00,205.951278686523
41458.33,202.104125976563
41666.67,197.615768432617
41875.00,192.486221313477
42083.33,189.921447753906
42291.67,186.074295043945
42500.00,189.921447753906
42708.33,180.30354309082
42916.67,175.815200805664
43125.00,170.685653686523
43333.33,168.120880126953
43541.67,163.632522583008
43750.00,162.350128173828
43958.33,156.579391479492
44166.67,151.449844360352
44375.00,148.243881225586
44583.33,145.03791809082
44791.67,136.06120300293
45000.00,137.343597412109
45208.33,131.572845458984
45416.67,129.649276733398
45625.00,123.878532409668
45833.33,120.031372070313
46041.67,117.466598510742
46250.00,111.695854187012
46458.33,106.566307067871
46666.67,104.642730712891
46875.00,100.154373168945
47083.33,93.1012496948242
47291.67,93.1012496948242
47500.00,87.3305053710938
47708.33,86.0481185913086
47916.67,77.7126083374023
48125.00,74.5066375732422
48333.33,71.3006744384766
48541.67,66.1711273193359
48750.00,59.1180000305176
48958.33,59.1180000305176
49166.67,53.988452911377
49375.00,49.5000991821289
49583.33,46.9353256225586
49791.67,41.1645851135254
50000.00,39.8821983337402
50208.33,32.8290710449219
50416.67,28.3407173156738
50625.00,24.4935569763184
50833.33,21.2875900268555
51041.67,14.2344617843628
51250.00,13.5932683944702
51458.33,5.89894771575928
51666.67,4.61656093597412
51875.00,0.769400775432587
52083.33,-4.36014652252197
52291.67,-6.92492008209229
52500.00,-10.7720804214478
52708.33,-14.6192407608032
52916.67,-21.0311737060547
53125.00,-23.595947265625
53333.33,-28.084300994873
53541.67,-30.6490745544434
53750.00,-35.1374282836914
53958.33,-38.9845886230469
54166.67,-44.1141357421875
54375.00,-48.6024894714355
54583.33,-51.1672630310059
54791.67,-55.6556167602539
55000.00,-61.4263572692871
55208.33,-62.7087440490723
55416.67,-66.555908203125
55625.00,-71.0442581176758
55833.33,-74.2502288818359
56041.67,-78.7385787963867
56250.00,-84.5093231201172
56458.33,-85.7917098999023
56666.67,-90.2800598144531
56875.00,-94.1272201538086
57083.33,-97.3331909179688
57291.67,-106.309898376465
57500.00,-106.95108795166
57708.33,-109.51586151123
57916.67,-115.286605834961
58125.00,-126.186889648438
58333.33,-122.339729309082
58541.67,-127.469276428223
58750.00,-130.034057617188
58958.33,-133.240020751953
59166.67,-139.010757446289
59375.00,-142.857925415039
59583.33,-147.346267700195
59791.67,-149.911041259766
60000.00,-153.758209228516
60208.33,-158.246566772461
60416.67,-165.299682617188
60625.00,-165.299682617188
60833.33,-168.505661010742
61041.67,-172.352813720703
61250.00,-177.482360839844
61458.33,-180.047134399414
61666.67,-183.894302368164
61875.00,-189.023849487305
62083.33,-194.153396606445
62291.67,-197.359359741211
62500.00,-199.924133300781
62708.33,-203.771286010742
62916.67,-206.336059570313
63125.00,-210.183227539063
63333.33,-214.030380249023
63541.67,-217.236358642578
63750.00,-222.365905761719
63958.33,-226.21305847168
64166.67,-228.77783203125
64375.00,-233.907379150391
64583.33,-237.754547119141
64791.67,-239.036926269531
65000.00,-243.525283813477
65208.33,-248.013641357422
65416.67,-251.860794067383
65625.00,-255.707962036133
65833.33,-261.478698730469
66041.67,-260.837493896484
66250.00,-272.378997802734
66458.33,-267.249450683594
66666.67,-273.661376953125
66875.00,-276.226135253906
67083.33,-277.508544921875
67291.67,-281.355682373047
67500.00,-283.920471191406
67708.33,-287.126434326172
67916.67,-290.332397460938
68125.00,-292.897186279297
68333.33,-292.897186279297
68541.67,-300.591491699219
68750.00,-298.026733398438
68958.33,-300.591491699219
69166.67,-303.156280517578
69375.00,-304.438659667969
69583.33,-307.00341796875
69791.67,-309.568206787109
70000.00,-308.927001953125
70208.33,-313.415374755859
70416.67,-312.774169921875
70625.00,-313.415374755859
70833.33,-314.69775390625
71041.67,-319.186096191406
71250.00,-317.903717041016
71458.33,-319.186096191406
71666.67,-319.827301025391
71875.00,-321.750885009766
72083.33,-323.033264160156
72291.67,-323.033264160156
72500.00,-324.956848144531
72708.33,-326.880432128906
72916.67,-327.521606445313
73125.00,-326.239227294922
73333.33,-329.445190429688
73541.67,-328.162811279297
73750.00,-328.804016113281
73958.33,-330.727569580078
74166.67,-328.804016113281
74375.00,-330.727569580078
74583.33,-330.086395263672
74791.67,-334.574737548828
75000.00,-330.086395263672
75208.33,-332.651153564453
75416.67,-333.292358398438
75625.00,-334.574737548828
75833.33,-333.292358398438
76041.67,-335.215942382813
76250.00,-337.139526367188
76458.33,-335.857116699219
76666.67,-336.498321533203
76875.00,-338.421905517578
77083.33,-336.498321533203
77291.67,-333.292358398438
77500.00,-335.215942382813
77708.33,-335.857116699219
77916.67,-333.292358398438
78125.00,-336.498321533203
78333.33,-337.780700683594
78541.67,-338.421905517578
78750.00,-339.704284667969
78958.33,-339.704284667969
79166.67,-338.421905517578
79375.00,-340.986663818359
79583.33,-341.627868652344
79791.67,-339.063110351563
80000.00,-340.345489501953
80208.33,-335.857116699219
80416.67,-339.704284667969
80625.00,-343.551452636719
80833.33,-342.269073486328
81041.67,-340.345489501953
81250.00,-342.910247802734
81458.33,-343.551452636719
81666.67,-340.986663818359
81875.00,-345.475036621094
82083.33,-344.192657470703
82291.67,-341.627868652344
82500.00,-344.192657470703
82708.33,-346.1162109375
82916.67,-343.551452636719
83125.00,-341.627868652344
83333.33,-340.345489501953
83541.67,-340.345489501953
83750.00,-339.063110351563
83958.33,-337.780700683594
84166.67,-339.063110351563
84375.00,-333.933563232422
84583.33,-335.857116699219
84791.67,-332.651153564453
85000.00,-328.804016113281
85208.33,-332.009979248047
85416.67,-321.750885009766
85625.00,-322.392059326172
85833.33,-320.468475341797
86041.67,-317.262512207031
86250.00,-314.056549072266
86458.33,-315.338928222656
86666.67,-308.285827636719
86875.00,-307.644622802734
87083.33,-305.079833984375
87291.67,-300.591491699219
87500.00,-296.744323730469
87708.33,-294.179565429688
87916.67,-291.614776611328
88125.00,-290.332397460938
88333.33,-289.691192626953
88541.67,-283.279266357422
88750.00,-284.561645507813
88958.33,-276.226135253906
89166.67,-274.302551269531
89375.00,-270.455413818359
89583.33,-268.531829833984
89791.67,-263.402282714844
90000.00,-259.555114746094
90208.33,-258.272735595703
90416.67,-258.913909912109
90625.00,-253.143188476563
90833.33,-250.578414916992
91041.67,-248.013641357422
91250.00,-241.601699829102
91458.33,-239.036926269531
91666.67,-235.830963134766
91875.00,-232.625
92083.33,-228.77783203125
92291.67,-223.648284912109
92500.00,-221.083511352539
92708.33,-217.877548217773
92916.67,-214.030380249023
93125.00,-209.542037963867
93333.33,-204.412490844727
93541.67,-201.847717285156
93750.00,-198.000549316406
93958.33,-195.435775756836
94166.67,-191.588623046875
94375.00,-187.10026550293
94583.33,-181.970718383789
94791.67,-180.047134399414
95000.00,-176.841171264648
95208.33,-172.352813720703
95416.67,-169.146850585938
95625.00,-165.940887451172
95833.33,-161.452529907227
96041.67,-159.528945922852
96250.00,-154.399398803711
96458.33,-147.98747253418
96666.67,-146.705078125
96875.00,-139.651947021484
97083.33,-137.728378295898
97291.67,-134.522399902344
97500.00,-130.675247192383
97708.33,-126.828086853027
97916.67,-121.698539733887
98125.00,-121.057342529297
98333.33,-114.645408630371
98541.67,-110.798248291016
98750.00,-106.95108795166
98958.33,-101.180351257324
99166.67,-99.2567672729492
99375.00,-94.1272201538086
99583.33,-90.921257019043
99791.67,-84.5093231201172
100000.00,-80.0209655761719
100208.33,-76.1738052368164
100416.67,-73.6090316772461
100625.00,-67.8382949829102
100833.33,-62.0675506591797
101041.67,-59.5027770996094
101250.00,-55.6556167602539
101458.33,-50.5260696411133
101666.67,-45.3965225219727
101875.00,-44.7553291320801
102083.33,-37.7022018432617
102291.67,-35.778621673584
102500.00,-28.7254943847656
102708.33,-26.8019142150879
102916.67,-21.6723670959473
103125.00,-17.8252067565918
103333.33,-12.6956605911255
103541.67,-10.7720804214478
103750.00,-4.36014652252197
103958.33,-6.28372669219971
104166.67,4.61656093597412
104375.00,8.46372127532959
104583.33,9.74610805511475
104791.67,16.7992362976074
105000.00,20.0052032470703
105208.33,23.8523635864258
105416.67,30.2642974853516
105625.00,32.1878776550293
105833.33,35.3938446044922
106041.67,42.4469718933105
106250.00,39.2410049438477
106458.33,49.5000991821289
106666.67,53.3472595214844
106875.00,55.9120330810547
107083.33,61.0415802001953
107291.67,64.8887405395508
107500.00,68.7359008789063
107708.33,71.9418640136719
107916.67,75.147834777832
108125.00,78.9949951171875
108333.33,84.1245422363281
108541.67,83.4833450317383
108750.00,91.8188629150391
108958.33,93.7424392700195
109166.67,98.8719863891602
109375.00,103.360343933105
109583.33,107.207504272461
109791.67,110.413467407227
110000.00,114.260627746582
110208.33,120.031372070313
110416.67,121.954948425293
110625.00,129.008071899414
110833.33,133.496429443359
111041.67,137.343597412109
111250.00,141.19075012207
111458.33,143.755523681641
111666.67,149.526260375977
111875.00,154.014617919922
112083.33,157.220581054688
112291.67,160.426559448242
112500.00,162.991333007813
112708.33,170.685653686523
112916.67,170.685653686523
113125.00,176.456390380859
113333.33,179.662353515625
113541.67,182.868316650391
113750.00,188.639068603516
113958.33,188.639068603516
114166.67,195.050994873047
114375.00,198.898162841797
114583.33,201.462936401367
114791.67,208.516052246094
115000.00,211.722030639648
115208.33,213.645599365234
115416.67,216.851577758789
115625.00,221.339920043945
115833.33,223.904693603516
116041.67,229.675445556641
116250.00,232.240219116211
116458.33,235.446182250977
116666.67,236.728561401367
116875.00,243.140502929688
117083.33,243.781692504883
117291.67,252.117202758789
117500.00,252.117202758789
117708.33,256.605560302734
117916.67,265.582275390625
118125.00,263.017486572266
118333.33,268.147033691406
118541.67,269.429443359375
118750.00,273.276580810547
118958.33,274.558990478516
119166.67,277.123748779297
119375.00,280.329711914063
119583.33,282.894500732422
119791.67,284.818084716797
120000.00,289.306427001953
120208.33,296.359558105469
120416.67,292.512390136719
120625.00,297.641937255859
120833.33,297.641937255859
121041.67,300.206726074219
121250.00,301.489105224609
121458.33,304.695068359375
121666.67,306.61865234375
121875.00,305.977447509766
122083.33,309.824615478516
122291.67,311.748199462891
122500.00,309.824615478516
122708.33,314.312957763672
122916.67,316.236541748047
123125.00,317.518920898438
123333.33,318.801330566406
123541.67,320.724914550781
123750.00,322.648468017578
123958.33,322.648468017578
124166.67,325.213256835938
124375.00,323.289672851563
124583.33,327.778015136719
124791.67,323.289672851563
125000.00,327.778015136719
125208.33,327.778015136719
125416.67,331.625183105469
125625.00,329.060424804688
125833.33,330.342803955078
126041.67,332.907562255859
126250.00,330.984008789063
126458.33,331.625183105469
126666.67,332.907562255859
126875.00,334.189971923828
127083.33,330.984008789063
127291.67,334.189971923828
127500.00,334.831146240234
127708.33,336.113555908203
127916.67,334.831146240234
128125.00,335.472351074219
128333.33,334.831146240234
128541.67,334.189971923828
128750.00,334.189971923828
128958.33,336.113555908203
129166.67,339.319519042969
129375.00,338.037109375
129583.33,339.319519042969
129791.67,338.037109375
130000.00,341.243103027344
130208.33,339.319519042969
130416.67,340.601898193359
130625.00,339.319519042969
130833.33,338.678314208984
131041.67,339.319519042969
131250.00,340.601898193359
131458.33,341.88427734375
131666.67,340.601898193359
131875.00,341.243103027344
132083.33,340.601898193359
132291.67,341.88427734375
132500.00,340.601898193359
132708.33,343.166656494141
132916.67,341.88427734375
133125.00,341.88427734375
133333.33,342.525482177734
133541.67,342.525482177734
133750.00,341.88427734375
133958.33,342.525482177734
134166.67,341.243103027344
134375.00,342.525482177734
134583.33,341.88427734375
134791.67,343.166656494141
135000.00,341.88427734375
135208.33,341.88427734375
135416.67,342.525482177734
135625.00,340.601898193359
135833.33,341.88427734375
136041.67,341.88427734375
136250.00,337.395935058594
136458.33,334.831146240234
136666.67,330.984008789063
136875.00,331.625183105469
137083.33,327.778015136719
137291.67,325.854461669922
137500.00,322.648468017578
137708.33,321.366088867188
137916.67,317.518920898438
138125.00,312.389373779297
138333.33,313.671783447266
138541.67,311.106994628906
138750.00,308.542236328125
138958.33,305.977447509766
139166.67,302.130279541016
139375.00,300.847900390625
139583.33,296.359558105469
139791.67,295.718353271484
140000.00,288.024047851563
140208.33,288.665222167969
140416.67,281.612091064453
140625.00,281.612091064453
140833.33,280.329711914063
141041.67,275.200164794922
141250.00,272.635406494141
141458.33,270.070617675781
141666.67,269.429443359375
141875.00,263.017486572266
142083.33,262.376312255859
142291.67,255.964370727539
142500.00,255.323181152344
142708.33,250.834823608398
142916.67,246.987655639648
143125.00,245.705276489258
143333.33,242.499313354492
143541.67,238.010955810547
143750.00,234.163787841797
143958.33,225.187088012695
144166.67,227.751861572266
144375.00,222.622314453125
144583.33,217.492767333984
144791.67,214.286804199219
145000.00,212.363220214844
145208.33,208.516052246094
145416.67,207.233673095703
145625.00,202.745315551758
145833.33,198.256958007813
146041.67,195.692184448242
146250.00,186.715484619141
146458.33,187.997863769531
146666.67,182.227127075195
146875.00,179.02116394043
147083.33,175.17399597168
147291.67,171.968032836914
147500.00,167.479675292969
147708.33,164.273712158203
147916.67,159.785354614258
148125.00,155.297012329102
148333.33,152.732238769531
148541.67,145.03791809082
148750.00,143.755523681641
148958.33,140.549560546875
149166.67,135.420013427734
149375.00,132.855239868164
149583.33,128.366882324219
149791.67,126.443305969238
150000.00,121.954948425293
150208.33,116.184211730957
150416.67,112.337051391602
150625.00,109.772277832031
150833.33,106.566307067871
151041.67,101.43675994873
151250.00,94.3836364746094
151458.33,93.1012496948242
151666.67,89.2540893554688
151875.00,84.7657318115234
152083.33,82.2009582519531
152291.67,75.7890243530273
152500.00,71.3006744384766
152708.33,69.3770904541016
152916.67,62.965160369873
153125.00,59.7591934204102
153333.33,55.2708396911621
153541.67,50.1412925720215
153750.00,47.5765190124512
153958.33,42.4469718933105
154166.67,37.9586181640625
154375.00,34.111457824707
154583.33,29.623104095459
154791.67,23.8523635864258
155000.00,23.8523635864258
155208.33,14.2344617843628
155416.67,13.5932683944702
155625.00,12.9520750045776
155833.33,4.61656093597412
156041.67,3.33417439460754
156250.00,-5.00133991241455
156458.33,-5.64253330230713
156666.67,-11.4132738113403
156875.00,-13.3368539810181
157083.33,-20.3899803161621
157291.67,-19.107593536377
157500.00,-27.4431076049805
157708.33,-32.5726547241211
157916.67,-30.6490745544434
158125.00,-38.9845886230469
158333.33,-41.5493621826172
158541.67,-46.6789093017578
158750.00,-53.0908432006836
158958.33,-55.6556167602539
159166.67,-61.4263572692871
159375.00,-63.9911308288574
159583.33,-67.1970977783203
159791.67,-72.3266448974609
160000.00,-73.6090316772461
160208.33,-71.6854553222656
160416.67,-81.9445495605469
160625.00,-87.0740966796875
160833.33,-90.921257019043
161041.67,-97.3331909179688
161250.00,-99.2567672729492
161458.33,-103.103927612305
161666.67,-106.95108795166
161875.00,-114.645408630371
162083.33,-115.286605834961
162291.67,-119.133766174316
162500.00,-126.186889648438
162708.33,-126.828086853027
162916.67,-131.316436767578
163125.00,-131.316436767578
163333.33,-139.651947021484
163541.67,-140.934341430664
163750.00,-146.063888549805
163958.33,-149.26985168457
164166.67,-154.399398803711
164375.00,-157.605361938477
164583.33,-164.017303466797
164791.67,-167.223266601563
165000.00,-171.711624145508
165208.33,-173.635208129883
165416.67,-176.199981689453
165625.00,-181.329528808594
165833.33,-185.176681518555
166041.67,-187.741455078125
166250.00,-193.512191772461
166458.33,-200.565322875977
166666.67,-198.000549316406
166875.00,-205.053680419922
167083.33,-207.618453979492
167291.67,-210.183227539063
167500.00,-213.389190673828
167708.33,-215.953964233398
167916.67,-219.801132202148
168125.00,-224.930679321289
168333.33,-228.77783203125
168541.67,-232.625
168750.00,-237.754547119141
168958.33,-238.395736694336
169166.67,-243.525283813477
169375.00,-248.013641357422
169583.33,-250.578414916992
169791.67,-255.066757202148
170000.00,-255.066757202148
170208.33,-260.837493896484
170416.67,-264.684661865234
170625.00,-267.890625
170833.33,-271.096588134766
171041.67,-276.867340087891
171250.00,-276.867340087891
171458.33,-281.355682373047
171666.67,-283.920471191406
171875.00,-284.561645507813
172083.33,-287.126434326172
172291.67,-289.691192626953
172500.00,-292.897186279297
172708.33,-299.950286865234
172916.67,-298.026733398438
173125.00,-299.950286865234
173333.33,-301.873870849609
173541.67,-304.438659667969
173750.00,-304.438659667969
173958.33,-307.00341796875
174166.67,-308.927001953125
174375.00,-311.491790771484
174583.33,-312.132965087891
174791.67,-314.69775390625
175000.00,-320.468475341797
175208.33,-317.262512207031
175416.67,-317.903717041016
175625.00,-320.468475341797
175833.33,-321.109680175781
176041.67,-322.392059326172
176250.00,-330.727569580078
176458.33,-323.674468994141
176666.67,-324.956848144531
176875.00,-324.956848144531
177083.33,-326.239227294922
177291.67,-329.445190429688
177500.00,-329.445190429688
177708.33,-327.521606445313
177916.67,-328.804016113281
178125.00,-333.292358398438
178333.33,-328.804016113281
178541.67,-330.727569580078
178750.00,-330.086395263672
178958.33,-331.368774414063
179166.67,-332.009979248047
179375.00,-332.651153564453
179583.33,-332.651153564453
179791.67,-333.292358398438
180000.00,-335.215942382813
180208.33,-335.215942382813
180416.67,-339.704284667969
180625.00,-336.498321533203
180833.33,-335.857116699219
181041.67,-337.780700683594
181250.00,-336.498321533203
181458.33,-336.498321533203
181666.67,-336.498321533203
181875.00,-337.780700683594
182083.33,-337.780700683594
182291.67,-339.063110351563
182500.00,-337.780700683594
182708.33,-339.704284667969
182916.67,-339.063110351563
183125.00,-339.704284667969
183333.33,-338.421905517578
183541.67,-339.063110351563
183750.00,-339.704284667969
183958.33,-345.475036621094
184166.67,-340.345489501953
184375.00,-340.986663818359
184583.33,-344.192657470703
184791.67,-339.704284667969
185000.00,-340.986663818359
185208.33,-341.627868652344
185416.67,-340.345489501953
185625.00,-341.627868652344
185833.33,-342.910247802734
186041.67,-340.986663818359
186250.00,-345.475036621094
186458.33,-342.910247802734
186666.67,-342.910247802734
186875.00,-342.910247802734
187083.33,-344.192657470703
187291.67,-342.910247802734
187500.00,-342.910247802734
187708.33,-343.551452636719
187916.67,-341.627868652344
188125.00,-340.986663818359
188333.33,-337.780700683594
188541.67,-339.704284667969
188750.00,-333.292358398438
188958.33,-329.445190429688
189166.67,-330.727569580078
189375.00,-327.521606445313
189583.33,-324.956848144531
189791.67,-323.033264160156
190000.00,-319.186096191406
190208.33,-317.903717041016
190416.67,-314.69775390625
190625.00,-309.568206787109
190833.33,-308.285827636719
191041.67,-308.927001953125
191250.00,-305.079833984375
191458.33,-301.232696533203
191666.67,-298.667907714844
191875.00,-294.179565429688
192083.33,-293.538360595703
192291.67,-289.050018310547
192500.00,-288.408813476563
192708.33,-280.714508056641
192916.67,-281.355682373047
193125.00,-275.5849609375
193333.33,-276.867340087891
193541.67,-274.302551269531
193750.00,-267.249450683594
193958.33,-265.325866699219
194166.67,-262.119903564453
194375.00,-258.913909912109
194583.33,-256.349151611328
194791.67,-253.143188476563
195000.00,-245.448867797852
195208.33,-248.013641357422
195416.67,-240.960510253906
195625.00,-235.18977355957
195833.33,-235.18977355957
196041.67,-230.06022644043
196250.00,-228.136642456055
196458.33,-225.571868896484
196666.67,-221.083511352539
196875.00,-217.877548217773
197083.33,-219.159927368164
197291.67,-208.259643554688
197500.00,-206.977264404297
197708.33,-203.130096435547
197916.67,-193.512191772461
198125.00,-195.435775756836
198333.33,-190.306228637695
198541.67,-189.6650390625
198750.00,-185.81787109375
198958.33,-181.329528808594
199166.67,-174.917587280273
199375.00,-174.917587280273
199583.33,-169.788040161133
199791.67,-164.658493041992
200000.00,-162.734909057617
200208.33,-151.193435668945
200416.67,-154.399398803711
200625.00,-151.193435668945
200833.33,-146.063888549805
201041.67,-143.499114990234
201250.00,-140.293151855469
201458.33,-133.881210327148
201666.67,-131.316436767578
201875.00,-128.751663208008
202083.33,-122.980926513672
202291.67,-119.774955749512
202500.00,-117.851379394531
202708.33,-110.798248291016
202916.67,-106.95108795166
203125.00,-101.82154083252
203333.33,-98.6155776977539
203541.67,-94.1272201538086
203750.00,-90.2800598144531
203958.33,-85.1505126953125
204166.67,-81.9445495605469
204375.00,-76.1738052368164
204583.33,-71.6854553222656
204791.67,-69.7618713378906
205000.00,-63.3499374389648
205208.33,-60.7851638793945
205416.67,-52.449649810791
205625.00,-50.5260696411133
205833.33,-47.3201026916504
206041.67,-41.5493621826172
206250.00,-38.9845886230469
206458.33,-38.3433952331543
206666.67,-30.0078811645508
206875.00,-28.084300994873
207083.33,-24.8783340454102
207291.67,-17.1840133666992
207500.00,-13.3368539810181
207708.33,-5.64253330230713
207916.67,-4.36014652252197
208125.00,-0.51298600435257
208333.33,3.97536778450012
208541.67,7.82252788543701
208750.00,9.10491466522217
208958.33,16.1580429077148
209166.67,18.0816230773926
209375.00,23.2111701965332
209583.33,26.4171371459961
209791.67,32.1878776550293
210000.00,36.6762313842773
210208.33,39.2410049438477
210416.67,43.0881652832031
210625.00,46.9353256225586
210833.33,52.0648727416992
211041.67,52.7060661315918
211250.00,61.6827735900879
211458.33,64.8887405395508
211666.67,68.7359008789063
211875.00,73.224250793457
212083.33,75.147834777832
212291.67,79.6361846923828
212500.00,84.1245422363281
212708.33,87.3305053710938
212916.67,90.5364761352539
213125.00,95.0248260498047
213333.33,99.51318359375
213541.67,103.360343933105
213750.00,107.207504272461
213958.33,111.054664611816
214166.67,117.466598510742
214375.00,118.748985290527
214583.33,124.519721984863
214791.67,129.008071899414
215000.00,130.931655883789
215208.33,136.06120300293
215416.67,140.549560546875
215625.00,144.396713256836
215833.33,148.243881225586
216041.67,152.732238769531
216250.00,155.938201904297
216458.33,161.067749023438
216666.67,161.708938598633
216875.00,168.762069702148
217083.33,172.609222412109
217291.67,174.532806396484
217500.00,177.73876953125
217708.33,183.509521484375
217916.67,186.715484619141
218125.00,185.433090209961
218333.33,194.409805297852
218541.67,198.256958007813
218750.00,202.104125976563
218958.33,204.668899536133
219166.67,207.874862670898
219375.00,213.645599365234
219583.33,215.569183349609
219791.67,221.339920043945
220000.00,220.69873046875
220208.33,227.751861572266
220416.67,225.187088012695
220625.00,234.804992675781
220833.33,237.369766235352
221041.67,241.858108520508
221250.00,245.705276489258
221458.33,249.552429199219
221666.67,255.323181152344
221875.00,257.246765136719
222083.33,260.452728271484
222291.67,261.093902587891
222500.00,266.864654541016
222708.33,267.505859375
222916.67,273.917785644531
223125.00,276.482543945313
223333.33,278.406127929688
223541.67,281.612091064453
223750.00,283.535675048828
223958.33,282.253295898438
224166.67,289.306427001953
224375.00,290.588806152344
224583.33,291.871185302734
224791.67,294.435974121094
225000.00,298.283142089844
225208.33,300.847900390625
225416.67,302.130279541016
225625.00,304.695068359375
225833.33,304.695068359375
226041.67,309.824615478516
226250.00,305.977447509766
226458.33,311.106994628906
226666.67,313.671783447266
226875.00,313.671783447266
227083.33,314.312957763672
227291.67,316.877746582031
227500.00,317.518920898438
227708.33,320.083709716797
227916.67,320.724914550781
228125.00,320.724914550781
228333.33,323.930877685547
228541.67,320.083709716797
228750.00,329.060424804688
228958.33,325.213256835938
229166.67,325.854461669922
229375.00,327.136840820313
229583.33,327.778015136719
229791.67,328.419219970703
230000.00,329.701599121094
230208.33,329.060424804688
230416.67,329.060424804688
230625.00,329.701599121094
230833.33,332.907562255859
231041.67,334.831146240234
231250.00,334.189971923828
231458.33,334.189971923828
231666.67,333.548767089844
231875.00,335.472351074219
232083.33,334.831146240234
232291.67,334.831146240234
232500.00,334.189971923828
232708.33,338.037109375
232916.67,338.037109375
233125.00,337.395935058594
233333.33,336.113555908203
233541.67,336.113555908203
233750.00,339.319519042969
233958.33,334.831146240234
234166.67,336.754730224609
234375.00,339.319519042969
234583.33,338.678314208984
234791.67,337.395935058594
235000.00,343.166656494141
235208.33,341.243103027344
235416.67,341.243103027344
235625.00,346.372650146484
235833.33,341.88427734375
236041.67,343.807861328125
236250.00,339.960693359375
236458.33,340.601898193359
236666.67,341.243103027344
236875.00,341.88427734375
237083.33,341.88427734375
237291.67,343.807861328125
237500.00,338.037109375
237708.33,340.601898193359
237916.67,347.655029296875
238125.00,341.243103027344
238333.33,343.807861328125
238541.67,340.601898193359
238750.00,344.449066162109
238958.33,340.601898193359
239166.67,343.166656494141
239375.00,341.88427734375
239583.33,340.601898193359
239791.67,340.601898193359
240000.00,339.319519042969
240208.33,343.807861328125
240416.67,339.319519042969
240625.00,336.754730224609
240833.33,332.266387939453
241041.67,330.984008789063
241250.00,327.778015136719
241458.33,325.213256835938
241666.67,323.930877685547
241875.00,320.083709716797
242083.33,318.160125732422
242291.67,317.518920898438
242500.00,311.106994628906
242708.33,309.824615478516
242916.67,307.259826660156
243125.00,303.412689208984
243333.33,299.565521240234
243541.67,298.283142089844
243750.00,297.000732421875
243958.33,294.435974121094
244166.67,289.947631835938
244375.00,288.024047851563
244583.33,284.818084716797
244791.67,279.047332763672
245000.00,277.764953613281
245208.33,276.482543945313
245416.67,276.482543945313
245625.00,268.788238525391
245833.33,267.505859375
246041.67,263.65869140625
246250.00,262.376312255859
246458.33,254.040786743164
246666.67,254.681976318359
246875.00,250.834823608398
247083.33,245.705276489258
247291.67,246.987655639648
247500.00,240.575729370117
247708.33,241.858108520508
247916.67,232.881408691406
248125.00,230.316635131836
248333.33,227.11067199707
248541.67,221.339920043945
248750.00,217.492767333984
248958.33,214.927993774414
249166.67,211.722030639648
249375.00,209.798446655273
249583.33,205.951278686523
249791.67,202.745315551758
250000.00,202.104125976563
250208.33,194.409805297852
250416.67,191.203842163086
250625.00,186.715484619141
250833.33,182.868316650391
251041.67,176.456390380859
251250.00,175.17399597168
251458.33,170.685653686523
251666.67,167.479675292969
251875.00,164.914901733398
252083.33,159.785354614258
252291.67,157.220581054688
252500.00,154.655807495117
252708.33,149.526260375977
252916.67,145.679107666016
253125.00,139.90837097168
253333.33,137.984786987305
253541.67,134.137619018555
253750.00,129.008071899414
253958.33,125.160919189453
254166.67,122.596145629883
254375.00,117.466598510742
254583.33,114.260627746582
254791.67,108.489891052246
255000.00,105.283920288086
255208.33,101.43675994873
255416.67,97.589599609375
255625.00,93.1012496948242
255833.33,89.8952789306641
256041.67,85.4069290161133
256250.00,79.6361846923828
256458.33,78.3537979125977
256666.67,71.3006744384766
256875.00,68.0947036743164
257083.33,63.6063537597656
257291.67,57.8356132507324
257500.00,54.6296463012695
257708.33,51.4236793518066
257916.67,46.9353256225586
258125.00,38.5998115539551
258333.33,37.9586181640625
258541.67,34.111457824707
258750.00,30.2642974853516
258958.33,25.7759437561035
259166.67,20.0052032470703
259375.00,17.4404296875
259583.33,11.6696882247925
259791.67,11.0284948348999
260000.00,3.97536778450012
260208.33,1.41059410572052
260416.67,-6.92492008209229
260625.00,-6.28372669219971
260833.33,-10.7720804214478
261041.67,-14.6192407608032
261250.00,-19.107593536377
261458.33,-22.9547538757324
261666.67,-24.8783340454102
261875.00,-31.2902679443359
262083.33,-35.1374282836914
262291.67,-40.266975402832
262500.00,-42.8317489624023
262708.33,-48.6024894714355
262916.67,-49.2436828613281
263125.00,-56.9380035400391
263333.33,-58.2203903198242
263541.67,-62.0675506591797
263750.00,-66.555908203125
263958.33,-75.5326156616211
264166.67,-74.8914184570313
264375.00,-78.7385787963867
264583.33,-85.1505126953125
264791.67,-90.2800598144531
265000.00,-91.5624465942383
265208.33,-96.6919937133789
265416.67,-97.3331909179688
265625.00,-104.38631439209
265833.33,-106.309898376465
266041.67,-110.15705871582
266250.00,-117.210182189941
266458.33,-117.210182189941
266666.67,-122.339729309082
266875.00,-126.186889648438
267083.33,-131.316436767578
267291.67,-132.598831176758
267500.00,-139.651947021484
267708.33,-141.575531005859
267916.67,-147.346267700195
268125.00,-150.55224609375
268333.33,-153.11701965332
268541.67,-162.093719482422
268750.00,-162.734909057617
268958.33,-166.582077026367
269166.67,-170.429229736328
269375.00,-172.352813720703
269583.33,-179.405944824219
269791.67,-180.688323974609
270000.00,-185.176681518555
270208.33,-189.6650390625
270416.67,-194.153396606445
270625.00,-196.718170166016
270833.33,-199.282943725586
271041.67,-203.771286010742
271250.00,-206.977264404297
271458.33,-211.465606689453
271666.67,-214.030380249023
271875.00,-217.236358642578
272083.33,-221.083511352539
272291.67,-224.930679321289
272500.00,-230.701416015625
272708.33,-230.701416015625
272916.67,-239.678115844727
273125.00,-240.319320678711
273333.33,-242.242889404297
273541.67,-247.372436523438
273750.00,-250.578414916992
273958.33,-256.349151611328
274166.67,-258.272735595703
274375.00,-259.555114746094
274583.33,-266.608245849609
274791.67,-267.249450683594
275000.00,-269.173004150391
275208.33,-276.226135253906
275416.67,-276.226135253906
275625.00,-275.5849609375
275833.33,-283.920471191406
276041.67,-284.561645507813
276250.00,-288.408813476563
276458.33,-293.538360595703
276666.67,-294.179565429688
276875.00,-297.385528564453
277083.33,-301.232696533203
277291.67,-296.103149414063
277500.00,-300.591491699219
277708.33,-303.156280517578
277916.67,-299.950286865234
278125.00,-308.285827636719
278333.33,-307.00341796875
278541.67,-310.8505859375
278750.00,-314.056549072266
278958.33,-314.69775390625
279166.67,-317.903717041016
279375.00,-317.903717041016
279583.33,-321.109680175781
279791.67,-321.109680175781
280000.00,-320.468475341797
280208.33,-316.621337890625
280416.67,-325.598022460938
280625.00,-325.598022460938
280833.33,-324.315643310547
281041.67,-329.445190429688
281250.00,-326.239227294922
281458.33,-326.239227294922
281666.67,-327.521606445313
281875.00,-331.368774414063
282083.33,-328.804016113281
282291.67,-330.086395263672
282500.00,-331.368774414063
282708.33,-330.727569580078
282916.67,-332.651153564453
283125.00,-331.368774414063
283333.33,-332.651153564453
283541.67,-333.933563232422
283750.00,-333.292358398438
283958.33,-332.651153564453
284166.67,-335.215942382813
284375.00,-333.292358398438
284583.33,-335.857116699219
284791.67,-337.780700683594
285000.00,-335.857116699219
285208.33,-336.498321533203
285416.67,-334.574737548828
285625.00,-337.780700683594
285833.33,-337.780700683594
286041.67,-336.498321533203
286250.00,-340.986663818359
286458.33,-346.1162109375
286666.67,-339.063110351563
286875.00,-338.421905517578
287083.33,-342.269073486328
287291.67,-339.704284667969
287500.00,-340.986663818359
287708.33,-337.139526367188
287916.67,-341.627868652344
288125.00,-339.704284667969
288333.33,-339.063110351563
288541.67,-340.986663818359
288750.00,-342.269073486328
288958.33,-339.704284667969
289166.67,-340.345489501953
289375.00,-340.986663818359
289583.33,-340.345489501953
289791.67,-341.627868652344
290000.00,-339.704284667969
290208.33,-340.345489501953
290416.67,-341.627868652344
290625.00,-342.269073486328
290833.33,-341.627868652344
291041.67,-345.475036621094
291250.00,-342.910247802734
291458.33,-344.192657470703
291666.67,-341.627868652344
291875.00,-342.269073486328
292083.33,-340.345489501953
292291.67,-340.345489501953
292500.00,-337.780700683594
292708.33,-340.986663818359
292916.67,-334.574737548828
293125.00,-332.009979248047
293333.33,-328.804016113281
293541.67,-326.880432128906
293750.00,-324.956848144531
293958.33,-322.392059326172
294166.67,-319.827301025391
294375.00,-316.621337890625
294583.33,-314.69775390625
294791.67,-312.132965087891
295000.00,-309.568206787109
295208.33,-306.362243652344
295416.67,-304.438659667969
295625.00,-301.232696533203
295833.33,-299.950286865234
296041.67,-294.179565429688
296250.00,-292.897186279297
296458.33,-289.050018310547
296666.67,-285.844055175781
296875.00,-283.279266357422
297083.33,-280.073303222656
297291.67,-278.149719238281
297500.00,-274.943756103516
297708.33,-271.096588134766
297916.67,-269.173004150391
298125.00,-268.531829833984
298333.33,-262.761077880859
298541.67,-259.555114746094
298750.00,-255.707962036133
298958.33,-253.784378051758
299166.67,-248.654830932617
299375.00,-245.448867797852
299583.33,-242.242889404297
299791.67,-237.754547119141
300000.00,-237.754547119141
300208.33,-231.34260559082
300416.67,-233.907379150391
300625.00,-224.930679321289
300833.33,-221.083511352539
301041.67,-218.518737792969
301250.00,-214.671585083008
301458.33,-209.542037963867
301666.67,-206.977264404297
301875.00,-203.130096435547
302083.33,-201.847717285156
302291.67,-198.000549316406
302500.00,-194.153396606445
302708.33,-189.6650390625
302916.67,-185.176681518555
303125.00,-185.176681518555
303333.33,-175.558776855469
303541.67,-174.276397705078
303750.00,-167.864456176758
303958.33,-170.429229736328
304166.67,-162.093719482422
304375.00,-158.246566772461
304583.33,-155.040588378906
304791.67,-151.834625244141
305000.00,-146.063888549805
305208.33,-142.857925415039
305416.67,-139.010757446289
305625.00,-134.522399902344
305833.33,-131.957626342773
306041.67,-126.186889648438
306250.00,-126.186889648438
306458.33,-118.492568969727
306666.67,-114.645408630371
306875.00,-111.439445495605
307083.33,-106.95108795166
307291.67,-103.745124816895
307500.00,-99.2567672729492
307708.33,-96.0508041381836
307916.67,-90.921257019043
308125.00,-87.7152862548828
308333.33,-81.303352355957
308541.67,-82.5857391357422
308750.00,-71.6854553222656
308958.33,-69.7618713378906
309166.67,-64.63232421875
309375.00,-59.5027770996094
309583.33,-56.2968101501465
309791.67,-49.2436828613281
310000.00,-47.3201026916504
310208.33,-42.8317489624023
310416.67,-40.266975402832
310625.00,-35.1374282836914
310833.33,-30.0078811645508
311041.67,-24.2371406555176
311250.00,-22.9547538757324
311458.33,-18.4664001464844
311666.67,-13.9780473709106
311875.00,-8.84850025177002
312083.33,-3.71895289421082
312291.67,-1.15417945384979
312500.00,1.41059410572052
312708.33,11.0284948348999
312916.67,9.10491466522217
313125.00,16.1580429077148
313333.33,19.3640098571777
313541.67,24.4935569763184
313750.00,30.9054908752441
313958.33,32.1878776550293
314166.67,36.0350379943848
314375.00,40.5233917236328
314583.33,43.7293586730957
314791.67,46.294132232666
315000.00,54.6296463012695
315208.33,55.2708396911621
315416.67,59.1180000305176
315625.00,69.3770904541016
315833.33,66.8123168945313
316041.67,71.9418640136719
316250.00,74.5066375732422
316458.33,77.0714111328125
316666.67,83.4833450317383
316875.00,88.6128921508789
317083.33,91.1776657104492
317291.67,99.51318359375
317500.00,99.51318359375
317708.33,103.360343933105
317916.67,114.260627746582
318125.00,111.695854187012
318333.33,116.184211730957
318541.67,120.672561645508
318750.00,121.954948425293
318958.33,127.084495544434
319166.67,132.855239868164
319375.00,135.420013427734
319583.33,139.267166137695
319791.67,143.114334106445
320000.00,147.602691650391
320208.33,157.220581054688
320416.67,156.579391479492
320625.00,159.785354614258
320833.33,164.273712158203
321041.67,168.120880126953
321250.00,170.044448852539
321458.33,176.456390380859
321666.67,178.379974365234
321875.00,179.662353515625
322083.33,186.715484619141
322291.67,187.356674194336
322500.00,191.845031738281
322708.33,197.615768432617
322916.67,200.821731567383
323125.00,204.027709960938
323333.33,211.080825805664
323541.67,212.363220214844
323750.00,214.927993774414
323958.33,220.057540893555
324166.67,222.622314453125
324375.00,227.751861572266
324583.33,232.240219116211
324791.67,231.599014282227
325000.00,238.010955810547
325208.33,241.216918945313
325416.67,246.987655639648
325625.00,248.270050048828
325833.33,250.834823608398
326041.67,255.964370727539
326250.00,258.529144287109
326458.33,259.170349121094
326666.67,263.65869140625
326875.00,269.429443359375
327083.33,268.147033691406
327291.67,277.764953613281
327500.00,278.406127929688
327708.33,282.894500732422
327916.67,282.894500732422
328125.00,288.024047851563
328333.33,289.306427001953
328541.67,291.230010986328
328750.00,291.871185302734
328958.33,296.359558105469
329166.67,300.847900390625
329375.00,299.565521240234
329583.33,303.412689208984
329791.67,305.977447509766
330000.00,309.824615478516
330208.33,308.542236328125
330416.67,311.106994628906
330625.00,309.824615478516
330833.33,311.748199462891
331041.67,314.954162597656
331250.00,316.236541748047
331458.33,321.366088867188
331666.67,319.442504882813
331875.00,319.442504882813
332083.33,320.724914550781
332291.67,322.648468017578
332500.00,322.648468017578
332708.33,323.930877685547
332916.67,323.930877685547
333125.00,324.572052001953
333333.33,327.778015136719
333541.67,327.136840820313
333750.00,331.625183105469
333958.33,329.701599121094
334166.67,330.342803955078
334375.00,330.984008789063
334583.33,332.266387939453
334791.67,331.625183105469
335000.00,330.984008789063
335208.33,334.189971923828
335416.67,333.548767089844
335625.00,334.189971923828
335833.33,334.189971923828
336041.67,334.189971923828
336250.00,336.754730224609
336458.33,335.472351074219
336666.67,336.754730224609
336875.00,336.113555908203
337083.33,336.754730224609
337291.67,337.395935058594
337500.00,336.754730224609
337708.33,338.037109375
337916.67,338.037109375
338125.00,336.754730224609
338333.33,338.037109375
338541.67,339.319519042969
338750.00,339.960693359375
338958.33,338.037109375
339166.67,339.319519042969
339375.00,340.601898193359
339583.33,338.678314208984
339791.67,339.960693359375
340000.00,337.395935058594
340208.33,338.037109375
340416.67,338.037109375
340625.00,339.319519042969
340833.33,340.601898193359
341041.67,341.88427734375
341250.00,340.601898193359
341458.33,342.525482177734
341666.67,343.807861328125
341875.00,341.88427734375
342083.33,341.88427734375
342291.67,340.601898193359
342500.00,341.88427734375
342708.33,341.243103027344
342916.67,343.807861328125
343125.00,343.166656494141
343333.33,344.449066162109
343541.67,343.166656494141
343750.00,339.960693359375
343958.33,336.754730224609
344166.67,339.319519042969
344375.00,340.601898193359
344583.33,335.472351074219
344791.67,334.831146240234
345000.00,332.266387939453
345208.33,329.701599121094
345416.67,327.778015136719
345625.00,325.213256835938
345833.33,323.930877685547
346041.67,321.366088867188
346250.00,316.877746582031
346458.33,316.236541748047
346666.67,314.312957763672
346875.00,310.4658203125
347083.33,307.901031494141
347291.67,304.695068359375
347500.00,302.130279541016
347708.33,298.92431640625
347916.67,295.718353271484
348125.00,292.512390136719
348333.33,291.230010986328
348541.67,284.176879882813
348750.00,285.459259033203
348958.33,279.688537597656
349166.67,279.047332763672
349375.00,274.558990478516
349583.33,273.917785644531
349791.67,270.711822509766
350000.00,268.147033691406
350208.33,262.376312255859
350416.67,261.093902587891
350625.00,259.170349121094
350833.33,254.681976318359
351041.67,252.758407592773
351250.00,247.628860473633
351458.33,244.422882080078
351666.67,241.216918945313
351875.00,238.652145385742
352083.33,234.163787841797
352291.67,232.240219116211
352500.00,229.034240722656
352708.33,227.11067199707
352916.67,221.98112487793
353125.00,218.775146484375
353333.33,215.569183349609
353541.67,209.798446655273
353750.00,209.157257080078
353958.33,204.027709960938
354166.67,199.539352416992
354375.00,196.333389282227
354583.33,189.921447753906
354791.67,187.997863769531
355000.00,186.074295043945
355208.33,180.944747924805
355416.67,173.891616821289
355625.00,178.379974365234
355833.33,167.479675292969
356041.67,166.838485717773
356250.00,161.708938598633
356458.33,157.861785888672
356666.67,152.732238769531
356875.00,150.167465209961
357083.33,146.961486816406
357291.67,145.03791809082
357500.00,140.549560546875
357708.33,132.855239868164
357916.67,136.702392578125
358125.00,127.725692749023
358333.33,120.672561645508
358541.67,118.107788085938
358750.00,112.978240966797
358958.33,109.772277832031
359166.67,107.207504272461
359375.00,101.43675994873
359583.33,95.6660232543945
359791.67,92.4600524902344
360000.00,89.2540893554688
360208.33,88.6128921508789
360416.67,82.842155456543
360625.00,74.5066375732422
360833.33,71.9418640136719
361041.67,66.8123168945313
361250.00,62.3239669799805
361458.33,61.0415802001953
361666.67,55.2708396911621
361875.00,49.5000991821289
362083.33,45.6529388427734
362291.67,43.7293586730957
362500.00,35.3938446044922
362708.33,36.6762313842773
362916.67,28.9819107055664
363125.00,26.4171371459961
363333.33,21.2875900268555
363541.67,16.1580429077148
363750.00,13.5932683944702
363958.33,9.74610805511475
364166.67,5.2577543258667
364375.00,1.41059410572052
364583.33,-1.15417945384979
364791.67,-9.4896936416626
365000.00,-9.4896936416626
365208.33,-13.9780473709106
365416.67,-15.9016275405884
365625.00,-23.595947265625
365833.33,-26.1607208251953
366041.67,-28.7254943847656
366250.00,-33.8550415039063
366458.33,-41.5493621826172
366666.67,-42.8317489624023
366875.00,-48.6024894714355
367083.33,-53.0908432006836
367291.67,-55.6556167602539
367500.00,-58.8615837097168
367708.33,-60.143970489502
367916.67,-65.9147109985352
368125.00,-74.2502288818359
368333.33,-74.8914184570313
368541.67,-77.4561920166016
368750.00,-83.8681259155273
368958.33,-86.4328994750977
369166.67,-88.997673034668
369375.00,-94.7684173583984
369583.33,-96.6919937133789
369791.67,-101.180351257324
370000.00,-104.38631439209
370208.33,-109.51586151123
370416.67,-115.286605834961
370625.00,-118.492568969727
370833.33,-122.980926513672
371041.67,-126.828086853027
371250.00,-131.316436767578
371458.33,-135.163604736328
371666.67,-138.369567871094
371875.00,-141.575531005859
372083.33,-147.346267700195
372291.67,-149.911041259766
372500.00,-153.11701965332
372708.33,-156.964172363281
372916.67,-162.093719482422
373125.00,-164.658493041992
373333.33,-167.223266601563
373541.67,-171.711624145508
373750.00,-176.199981689453
373958.33,-180.047134399414
374166.67,-182.611907958984
374375.00,-187.10026550293
374583.33,-192.22981262207
374791.67,-194.153396606445
375000.00,-196.718170166016
375208.33,-201.847717285156
375416.67,-205.694869995117
375625.00,-210.183227539063
375833.33,-211.465606689453
376041.67,-217.236358642578
376250.00,-219.801132202148
376458.33,-224.289474487305
376666.67,-228.77783203125
376875.00,-231.34260559082
377083.33,-236.472152709961
377291.67,-237.754547119141
377500.00,-242.884094238281
377708.33,-247.372436523438
377916.67,-248.013641357422
378125.00,-259.555114746094
378333.33,-258.272735595703
378541.67,-260.837493896484
378750.00,-263.402282714844
378958.33,-267.249450683594
379166.67,-269.814208984375
379375.00,-272.378997802734
379583.33,-278.149719238281
379791.67,-279.432098388672
380000.00,-285.202850341797
380208.33,-285.844055175781
380416.67,-290.332397460938
380625.00,-290.973602294922
380833.33,-293.538360595703
381041.67,-296.103149414063
381250.00,-298.667907714844
381458.33,-299.309112548828
381666.67,-301.873870849609
381875.00,-304.438659667969
382083.33,-310.209381103516
382291.67,-308.927001953125
382500.00,-310.209381103516
382708.33,-308.927001953125
382916.67,-312.132965087891
383125.00,-315.338928222656
383333.33,-314.056549072266
383541.67,-317.903717041016
383750.00,-318.544921875
383958.33,-323.674468994141
384166.67,-319.827301025391
384375.00,-323.674468994141
384583.33,-324.956848144531
384791.67,-326.239227294922
385000.00,-324.315643310547
385208.33,-324.956848144531
385416.67,-328.162811279297
385625.00,-327.521606445313
385833.33,-329.445190429688
386041.67,-326.880432128906
386250.00,-332.009979248047
386458.33,-330.086395263672
386666.67,-336.498321533203
386875.00,-331.368774414063
387083.33,-336.498321533203
387291.67,-332.009979248047
387500.00,-335.215942382813
387708.33,-333.933563232422
387916.67,-334.574737548828
388125.00,-333.933563232422
388333.33,-333.292358398438
388541.67,-339.063110351563
388750.00,-334.574737548828
388958.33,-336.498321533203
389166.67,-335.215942382813
389375.00,-336.498321533203
389583.33,-336.498321533203
389791.67,-335.215942382813
390000.00,-337.139526367188
390208.33,-339.063110351563
390416.67,-338.421905517578
390625.00,-340.345489501953
390833.33,-337.780700683594
391041.67,-339.704284667969
391250.00,-339.063110351563
391458.33,-340.345489501953
391666.67,-339.704284667969
391875.00,-339.704284667969
392083.33,-339.063110351563
392291.67,-340.345489501953
392500.00,-340.986663818359
392708.33,-337.139526367188
392916.67,-342.910247802734
393125.00,-339.063110351563
393333.33,-342.269073486328
393541.67,-339.063110351563
393750.00,-351.245758056641
393958.33,-340.986663818359
394166.67,-341.627868652344
394375.00,-340.345489501953
394583.33,-343.551452636719
394791.67,-342.269073486328
395000.00,-339.063110351563
395208.33,-342.910247802734
395416.67,-342.910247802734
395625.00,-335.857116699219
395833.33,-341.627868652344
396041.67,-351.245758056641
396250.00,-339.704284667969
396458.33,-339.704284667969
396666.67,-339.063110351563
396875.00,-338.421905517578
397083.33,-334.574737548828
397291.67,-328.804016113281
397500.00,-328.804016113281
397708.33,-327.521606445313
397916.67,-319.186096191406
398125.00,-321.750885009766
398333.33,-323.033264160156
398541.67,-315.980133056641
398750.00,-317.903717041016
398958.33,-311.491790771484
399166.67,-312.774169921875
399375.00,-305.079833984375
399583.33,-305.721038818359
399791.67,-300.591491699219
400000.00,-298.026733398438
400208.33,-289.691192626953
400416.67,-290.973602294922
400625.00,-292.255981445313
400833.33,-284.561645507813
401041.67,-283.920471191406
401250.00,-281.355682373047
401458.33,-277.508544921875
401666.67,-274.943756103516
401875.00,-274.943756103516
402083.33,-269.173004150391
402291.67,-266.608245849609
402500.00,-264.684661865234
402708.33,-264.04345703125
402916.67,-256.990356445313
403125.00,-255.066757202148
403333.33,-250.578414916992
403541.67,-248.013641357422
403750.00,-241.601699829102
403958.33,-239.678115844727
404166.67,-239.036926269531
404375.00,-231.983795166016
404583.33,-233.266189575195
404791.67,-226.854248046875
405000.00,-223.007095336914
405208.33,-218.518737792969
405416.67,-214.030380249023
405625.00,-212.106811523438
405833.33,-208.259643554688
406041.67,-204.412490844727
406250.00,-201.847717285156
406458.33,-202.488906860352
406666.67,-192.871002197266
406875.00,-192.22981262207
407083.33,-185.176681518555
407291.67,-180.688323974609
407500.00,-177.482360839844
407708.33,-171.711624145508
407916.67,-168.505661010742
408125.00,-165.299682617188
408333.33,-162.093719482422
408541.67,-158.246566772461
408750.00,-155.681793212891
408958.33,-149.911041259766
409166.67,-147.98747253418
409375.00,-142.216720581055
409583.33,-137.728378295898
409791.67,-135.804794311523
410000.00,-130.034057617188
410208.33,-127.469276428223
410416.67,-122.339729309082
410625.00,-119.774955749512
410833.33,-115.286605834961
411041.67,-110.798248291016
411250.00,-105.668701171875
411458.33,-103.103927612305
411666.67,-98.6155776977539
411875.00,-91.5624465942383
412083.33,-90.2800598144531
412291.67,-87.0740966796875
412500.00,-81.303352355957
412708.33,-76.8150024414063
412916.67,-73.6090316772461
413125.00,-68.4794845581055
413333.33,-64.63232421875
413541.67,-60.143970489502
413750.00,-56.9380035400391
413958.33,-51.8084564208984
414166.67,-47.3201026916504
414375.00,-43.4729423522949
414583.33,-39.6257820129395
414791.67,-33.8550415039063
415000.00,-31.9314613342285
415208.33,-25.5195274353027
415416.67,-20.3899803161621
415625.00,-17.8252067565918
415833.33,-13.3368539810181
416041.67,-8.84850025177002
416250.00,-4.36014652252197
416458.33,0.128207370638847
416666.67,3.33417439460754
416875.00,7.18133449554443
417083.33,13.5932683944702
417291.67,14.2344617843628
417500.00,18.7228164672852
417708.33,24.4935569763184
417916.67,27.6995239257813
418125.00,27.0583305358887
418333.33,36.6762313842773
418541.67,38.5998115539551
418750.00,43.7293586730957
418958.33,46.294132232666
419166.67,50.7824859619141
419375.00,55.9120330810547
419583.33,57.8356132507324
419791.67,62.3239669799805
420000.00,65.5299301147461
420208.33,70.6594772338867
420416.67,72.5830612182617
420625.00,78.9949951171875
420833.33,82.2009582519531
421041.67,85.4069290161133
421250.00,90.5364761352539
421458.33,93.1012496948242
421666.67,100.154373168945
421875.00,103.360343933105
422083.33,107.207504272461
422291.67,109.131080627441
422500.00,113.619438171387
422708.33,119.390174865723
422916.67,125.160919189453
423125.00,127.725692749023
423333.33,130.290466308594
423541.67,133.496429443359
423750.00,139.267166137695
423958.33,139.267166137695
424166.67,146.961486816406
424375.00,150.808654785156
424583.33,152.091033935547
424791.67,162.350128173828
425000.00,161.067749023438
425208.33,167.479675292969
425416.67,168.762069702148
425625.00,173.250427246094
425833.33,176.456390380859
426041.67,182.868316650391
426250.00,180.944747924805
426458.33,189.280258178711
426666.67,195.692184448242
426875.00,196.974578857422
427083.33,203.386505126953
427291.67,204.027709960938
427500.00,208.516052246094
427708.33,211.080825805664
427916.67,214.286804199219
428125.00,217.492767333984
428333.33,222.622314453125
428541.67,225.187088012695
428750.00,231.599014282227
428958.33,232.881408691406
429166.67,236.728561401367
429375.00,241.858108520508
429583.33,243.781692504883
429791.67,249.552429199219
430000.00,254.040786743164
430208.33,255.323181152344
430416.67,257.246765136719
430625.00,264.941070556641
430833.33,266.223449707031
431041.67,270.711822509766
431250.00,273.276580810547
431458.33,277.123748779297
431666.67,277.123748779297
431875.00,281.612091064453
432083.33,282.894500732422
432291.67,286.100463867188
432500.00,290.588806152344
432708.33,295.077178955078
432916.67,296.359558105469
433125.00,297.000732421875
433333.33,300.206726074219
433541.67,300.206726074219
433750.00,304.053863525391
433958.33,304.053863525391
434166.67,307.259826660156
434375.00,307.259826660156
434583.33,309.824615478516
434791.67,311.106994628906
435000.00,315.595367431641
435208.33,315.595367431641
435416.67,316.236541748047
435625.00,322.007293701172
435833.33,320.083709716797
436041.67,319.442504882813
436250.00,320.724914550781
436458.33,323.930877685547
436666.67,322.648468017578
436875.00,324.572052001953
437083.33,325.213256835938
437291.67,325.213256835938
437500.00,327.778015136719
437708.33,328.419219970703
437916.67,334.831146240234
438125.00,330.984008789063
438333.33,330.984008789063
438541.67,329.701599121094
438750.00,332.907562255859
438958.33,331.625183105469
439166.67,330.984008789063
439375.00,332.907562255859
439583.33,331.625183105469
439791.67,333.548767089844
440000.00,334.189971923828
440208.33,332.266387939453
440416.67,335.472351074219
440625.00,337.395935058594
440833.33,334.831146240234
441041.67,338.678314208984
441250.00,335.472351074219
441458.33,338.037109375
441666.67,338.037109375
441875.00,334.831146240234
442083.33,333.548767089844
442291.67,340.601898193359
442500.00,333.548767089844
442708.33,339.319519042969
442916.67,336.754730224609
443125.00,339.319519042969
443333.33,339.319519042969
443541.67,339.319519042969
443750.00,340.601898193359
443958.33,339.960693359375
444166.67,338.037109375
444375.00,339.960693359375
444583.33,343.166656494141
444791.67,338.678314208984
445000.00,341.88427734375
445208.33,343.166656494141
445416.67,344.449066162109
445625.00,339.319519042969
445833.33,341.243103027344
446041.67,343.166656494141
446250.00,341.88427734375
446458.33,338.678314208984
446666.67,343.166656494141
446875.00,341.88427734375
447083.33,343.166656494141
447291.67,344.449066162109
447500.00,343.807861328125
447708.33,345.7314453125
447916.67,340.601898193359
448125.00,343.166656494141
448333.33,339.960693359375
448541.67,341.88427734375
448750.00,334.831146240234
448958.33,334.831146240234
449166.67,331.625183105469
449375.00,330.342803955078
449583.33,329.060424804688
449791.67,326.495635986328
450000.00,323.930877685547
450208.33,321.366088867188
450416.67,318.801330566406
450625.00,314.954162597656
450833.33,311.748199462891
451041.67,311.748199462891
451250.00,307.901031494141
451458.33,304.053863525391
451666.67,303.412689208984
451875.00,300.847900390625
452083.33,297.000732421875
452291.67,295.077178955078
452500.00,291.871185302734
452708.33,289.306427001953
452916.67,284.176879882813
453125.00,282.894500732422
453333.33,280.970916748047
453541.67,276.482543945313
453750.00,273.276580810547
453958.33,270.070617675781
454166.67,268.788238525391
454375.00,263.017486572266
454583.33,266.223449707031
454791.67,258.529144287109
455000.00,255.323181152344
455208.33,252.117202758789
455416.67,247.628860473633
455625.00,245.705276489258
455833.33,240.575729370117
456041.67,239.293334960938
456250.00,235.446182250977
456458.33,231.599014282227
456666.67,227.751861572266
456875.00,224.5458984375
457083.33,221.339920043945
457291.67,215.569183349609
457500.00,212.363220214844
457708.33,209.157257080078
457916.67,204.668899536133
458125.00,199.539352416992
458333.33,198.256958007813
458541.67,196.974578857422
458750.00,191.845031738281
458958.33,187.997863769531
459166.67,184.15071105957
459375.00,181.5859375
459583.33,177.097579956055
459791.67,175.17399597168
460000.00,168.762069702148
460208.33,166.197296142578
460416.67,159.785354614258
460625.00,157.220581054688
460833.33,153.373428344727
461041.67,149.526260375977
461250.00,146.320297241211
461458.33,141.831939697266
461666.67,134.137619018555
461875.00,134.137619018555
462083.33,131.572845458984
462291.67,124.519721984863
462500.00,121.954948425293
462708.33,118.748985290527
462916.67,114.901824951172
463125.00,110.413467407227
463333.33,105.925117492676
463541.67,101.43675994873
463750.00,97.589599609375
463958.33,87.9717025756836
464166.67,87.9717025756836
464375.00,83.4833450317383
464583.33,80.2773818969727
464791.67,73.8654479980469
465000.00,73.224250793457
465208.33,67.4535140991211
465416.67,63.6063537597656
465625.00,59.1180000305176
465833.33,54.6296463012695
466041.67,52.7060661315918
466250.00,42.4469718933105
466458.33,44.3705520629883
466666.67,39.2410049438477
466875.00,35.3938446044922
467083.33,31.5466842651367
467291.67,27.0583305358887
467500.00,23.2111701965332
467708.33,18.7228164672852
467916.67,13.5932683944702
468125.00,8.46372127532959
468333.33,5.89894771575928
468541.67,2.05178761482239
468750.00,-1.15417945384979
468958.33,-7.56611347198486
469166.67,-11.4132738113403
469375.00,-14.6192407608032
469583.33,-18.4664001464844
469791.67,-21.6723670959473
470000.00,-26.1607208251953
470208.33,-30.6490745544434
470416.67,-35.1374282836914
470625.00,-37.7022018432617
470833.33,-40.266975402832
471041.67,-44.7553291320801
471250.00,-49.8848762512207
471458.33,-52.449649810791
471666.67,-57.5791969299316
471875.00,-60.143970489502
472083.33,-65.9147109985352
472291.67,-70.4030685424805
472500.00,-74.2502288818359
472708.33,-76.1738052368164
472916.67,-81.303352355957
473125.00,-85.1505126953125
473333.33,-88.3564834594727
473541.67,-93.4860305786133
473750.00,-96.0508041381836
473958.33,-101.180351257324
474166.67,-104.38631439209
474375.00,-108.874671936035
474583.33,-113.363021850586
474791.67,-117.210182189941
475000.00,-119.774955749512
475208.33,-127.469276428223
475416.67,-130.675247192383
475625.00,-126.828086853027
475833.33,-138.369567871094
476041.67,-139.651947021484
476250.00,-146.063888549805
476458.33,-149.911041259766
476666.67,-152.475814819336
476875.00,-158.887756347656
477083.33,-160.170135498047
477291.67,-168.505661010742
477500.00,-167.223266601563
477708.33,-172.352813720703
477916.67,-170.429229736328
478125.00,-180.047134399414
478333.33,-184.535491943359
478541.67,-187.10026550293
478750.00,-191.588623046875
478958.33,-193.512191772461
479166.67,-199.924133300781
479375.00,-202.488906860352
479583.33,-206.977264404297
479791.67,-210.824417114258
480000.00,-212.748001098633
480208.33,-219.801132202148
480416.67,-223.007095336914
480625.00,-224.930679321289
480833.33,-226.854248046875
481041.67,-232.625
481250.00,-235.18977355957
481458.33,-236.472152709961
481666.67,-242.242889404297
481875.00,-248.013641357422
482083.33,-249.296020507813
482291.67,-256.349151611328
482500.00,-260.837493896484
482708.33,-259.555114746094
482916.67,-263.402282714844
483125.00,-264.04345703125
483333.33,-271.096588134766
483541.67,-274.302551269531
483750.00,-274.943756103516
483958.33,-280.714508056641
484166.67,-285.202850341797
484375.00,-286.485229492188
484583.33,-288.408813476563
484791.67,-291.614776611328
485000.00,-294.820739746094
485208.33,-294.820739746094
485416.67,-296.744323730469
485625.00,-299.309112548828
485833.33,-303.156280517578
486041.67,-303.797454833984
486250.00,-306.362243652344
486458.33,-315.338928222656
486666.67,-308.285827636719
486875.00,-315.338928222656
487083.33,-309.568206787109
487291.67,-314.69775390625
487500.00,-313.415374755859
487708.33,-314.056549072266
487916.67,-317.262512207031
488125.00,-320.468475341797
488333.33,-319.827301025391
488541.67,-322.392059326172
488750.00,-323.674468994141
488958.33,-323.033264160156
489166.67,-324.956848144531
489375.00,-324.956848144531
489583.33,-326.239227294922
489791.67,-326.880432128906
490000.00,-330.727569580078
490208.33,-327.521606445313
490416.67,-328.804016113281
490625.00,-330.086395263672
490833.33,-330.727569580078
491041.67,-331.368774414063
491250.00,-331.368774414063
491458.33,-333.933563232422
491666.67,-332.009979248047
491875.00,-331.368774414063
492083.33,-332.651153564453
492291.67,-332.009979248047
492500.00,-333.933563232422
492708.33,-340.986663818359
492916.67,-334.574737548828
493125.00,-335.215942382813
493333.33,-335.215942382813
493541.67,-335.857116699219
493750.00,-335.215942382813
493958.33,-336.498321533203
494166.67,-335.857116699219
494375.00,-337.780700683594
494583.33,-337.139526367188
494791.67,-336.498321533203
495000.00,-339.704284667969
495208.33,-336.498321533203
495416.67,-337.139526367188
495625.00,-337.780700683594
495833.33,-340.986663818359
496041.67,-337.780700683594
496250.00,-340.986663818359
496458.33,-337.780700683594
496666.67,-338.421905517578
496875.00,-340.345489501953
497083.33,-340.345489501953
497291.67,-340.345489501953
497500.00,-341.627868652344
497708.33,-342.269073486328
497916.67,-340.986663818359
498125.00,-344.192657470703
498333.33,-340.986663818359
498541.67,-341.627868652344
498750.00,-339.704284667969
498958.33,-340.345489501953
499166.67,-341.627868652344
499375.00,-341.627868652344
499583.33,-344.833831787109
499791.67,-342.269073486328
500000.00,-343.551452636719
500208.33,-340.986663818359
500416.67,-343.551452636719
500625.00,-338.421905517578
500833.33,-338.421905517578
501041.67,-335.857116699219
501250.00,-334.574737548828
501458.33,-332.009979248047
501666.67,-335.215942382813
501875.00,-327.521606445313
502083.33,-327.521606445313
502291.67,-324.956848144531
502500.00,-321.750885009766
502708.33,-317.903717041016
502916.67,-314.69775390625
503125.00,-314.056549072266
503333.33,-308.285827636719
503541.67,-306.362243652344
503750.00,-303.156280517578
503958.33,-310.209381103516
504166.67,-298.026733398438
504375.00,-294.179565429688
504583.33,-291.614776611328
504791.67,-289.050018310547
505000.00,-286.485229492188
505208.33,-283.920471191406
505416.67,-281.996887207031
505625.00,-278.790924072266
505833.33,-275.5849609375
506041.67,-272.378997802734
506250.00,-273.020172119141
506458.33,-265.967041015625
506666.67,-264.04345703125
506875.00,-259.555114746094
507083.33,-256.990356445313
507291.67,-254.425567626953
507500.00,-249.296020507813
507708.33,-248.013641357422
507916.67,-244.166473388672
508125.00,-242.242889404297
508333.33,-236.472152709961
508541.67,-231.983795166016
508750.00,-230.701416015625
508958.33,-225.571868896484
509166.67,-222.365905761719
509375.00,-218.518737792969
509583.33,-214.671585083008
509791.67,-210.824417114258
510000.00,-208.900833129883
510208.33,-205.053680419922
510416.67,-197.359359741211
510625.00,-196.718170166016
510833.33,-192.871002197266
511041.67,-188.38264465332
511250.00,-185.176681518555
511458.33,-180.047134399414
511666.67,-179.405944824219
511875.00,-173.635208129883
512083.33,-169.146850585938
512291.67,-165.940887451172
512500.00,-162.093719482422
512708.33,-155.681793212891
512916.67,-157.605361938477
513125.00,-149.26985168457
513333.33,-143.499114990234
513541.67,-142.857925415039
513750.00,-139.010757446289
513958.33,-135.804794311523
514166.67,-131.957626342773
514375.00,-127.469276428223
514583.33,-122.980926513672
514791.67,-119.774955749512
515000.00,-112.080635070801
515208.33,-112.080635070801
515416.67,-106.95108795166
515625.00,-97.3331909179688
515833.33,-99.2567672729492
516041.67,-94.1272201538086
516250.00,-90.2800598144531
516458.33,-88.3564834594727
516666.67,-81.9445495605469
516875.00,-79.3797760009766
517083.33,-76.8150024414063
517291.67,-71.6854553222656
517500.00,-64.63232421875
517708.33,-60.7851638793945
517916.67,-49.8848762512207
518125.00,-51.8084564208984
518333.33,-47.961296081543
518541.67,-42.1905555725098
518750.00,-42.1905555725098
518958.33,-35.1374282836914
519166.67,-33.2138481140137
519375.00,-28.084300994873
519583.33,-24.8783340454102
519791.67,-18.4664001464844
520000.00,-16.5428199768066
520208.33,-12.0544672012329
520416.67,-7.56611347198486
520625.00,-3.07775950431824
